rank,contract,name,symbol
1,0xdac17f958d2ee523a2206206994597c13d831ec7,Tether USD,USDT
2,0xB8c77482e45F1F44dE1745F52C74426C631bDD52,BNB,BNB
3,0xa0b86991c6218b36c1d19d4a2e9eb0ce3606eb48,USDC,USDC
4,0xae7ab96520de3a18e5e111b5eaab095312d7fe84,stETH,stETH
5,0x50327c6c5a14dcade707abad2e27eb517df87ab5,TRON,TRX
6,0x582d872a1b094fc48f5de31d3b73f2d9be47def1,Wrapped TON Coin,TONCOIN
7,0x3883f5e181fccaf8410fa61e12b59bad963fb645,Theta Token,THETA
8,0x7d1afa7b718fb893db30a3abc0cfc608aacfebb0,Matic Token,MATIC
9,0x2260fac5e5542a773aa44fbcfedf7c193bc2c599,Wrapped BTC,WBTC
10,0x95aD61b0a150d79219dCF64E1E6Cc01f0B64C4cE,SHIBA INU,SHIB
11,0x514910771af9ca656af840dff83e8264ecf986ca,ChainLink Token,LINK
12,0x6b175474e89094c44da98b954eedeac495271d0f,Dai Stablecoin,DAI
13,0x2af5d2ad76741191d15dfe7bf6ac92d4bd912ca3,Bitfinex LEO Token,LEO
14,0x0000000000085d4780B73119b644AE5ecd22b376,TrueUSD,TUSD
15,0x1f9840a85d5af5bf1d1762f925bdaddc4201f984,Uniswap,UNI
16,0x75231f58b43240c9718dd58b4967c5114342a86c,OKB,OKB
17,0x4fabb145d64652a948d72533023f6e7a623c7c53,BUSD,BUSD
18,0x5a98fcbea516cf06857215779fd812ca3bef1b32,Lido DAO Token,LDO
19,0xa0b73e1ff0b80914ab6fe0444e65848c4c34450b,Cronos Coin,CRO
20,0x9f8f72aa9304c8b593d555f12ef6589cc3a579a2,Maker,MKR
21,0x3c3a81e81dc49a522a592e7622a7e711c06bf354,Mantle,MNT
22,0x4a220e6096b25eadb88358cb44068a3248254675,Quant,QNT
23,0xd850942ef8811f2a866692a623011bde52a462c1,VeChain,VEN
24,0xB50721BCf8d664c30412Cfbc6cf7a15145234ad1,Arbitrum,ARB
25,0x85f17cf997934a597031b2e18a9ab6ebd4b9f6a4,NEAR,NEAR
26,0x4da27a545c0c5b758a6ba100e3a049001de870f5,Staked Aave,stkAAVE
27,0xae78736cd615f374d3085123a210448e74fc6393,Rocket Pool ETH,rETH
28,0xc944e90c64b2c07662a292be6244bdf05cda44a7,Graph Token,GRT
29,0x0C10bF8FcB7Bf5412187A595ab97a3609160b5c6,Decentralized USD,USDD
30,0xf57e7e7c23978c3caec3c3548e3d615c346e79ff,Immutable X,IMX
31,0x853d955acef822db058eb8505911ed77f175b99e,Frax,FRAX
32,0xc011a73ee8576fb46f5e1c5751ca3b9fe0af2a6f,Synthetix Network Token,SNX
33,0x6de037ef9ad2725eb40118bb1702ebb27e4aeb24,Render Token,RNDR
34,0xe28b3B32B6c345A34Ff64674606124Dd5Aceca30,Injective Token,INJ
35,0x3845badAde8e6dFF049820680d1F14bD3903a5d0,SAND,SAND
36,0x2b591e99afe9f32eaa6214f7b7629768c40eeb39,HEX,HEX
37,0x0f5d2fb29fb7d3cfee444a200298f468908cc942,Decentraland,MANA
38,0xfd09cf7cfffa9932e33668311c4777cb9db3c9be,Wrapped Decentraland MANA,wMANA
39,0x4e15361fd6b4bb609fa63c81a2be19d873717870,Fantom Token,FTM
40,0x4290563c2d7c255b5eec87f2d3bd10389f991d68,UnlimitedIP Token,UIP
41,0x8e870d67f660d95d5be530380d0ec0bd388289e1,Pax Dollar,USDP
42,0x046eee2cc3188071c02bfc1745a6b17c656e3f3d,Rollbit Coin,RLB
43,0x45804880De22913dAFE09f4980848ECE6EcbAf78,Paxos Gold,PAXG
44,0x68749665ff8d2d112fa859aa293f07a622782f38,Tether Gold,XAUt
45,0x4ddc2d193948926d02f9b1fe9e1daa0718270ed5,Compound Ether,cETH
46,0x5e8422345238f34275888049021821e8e08caa1f,Frax Ether,frxETH
47,0xf34960d9d60be18cc1d5afc1a6f012a723a28811,KuCoin Token,KCS
48,0x3506424f91fd33084466f402d5d97f05f8e3b4af,chiliZ,CHZ
49,0x4d224452801aced8b2f0aebe155379bb5d594381,ApeCoin,APE
50,0xd33526068d116ce69f19a9ee46f0bd304f21a51f,Rocket Pool,RPL
51,0x3432b6a60d23ca0dfca7761b7ab56459d9c964d0,Frax Share,FXS
52,0x6f259637dcd74c767781e37bc6133cd6a68aa161,HuobiToken,HT
53,0xc669928185dbce49d2230cc9b0979be6dc797957,BitTorrent,BTT
54,0x92d6c1e31e14520e676a687f0a93788b716beff5,dYdX,DYDX
55,0xBe9895146f7AF43049ca1c1AE358B0541Ea49704,Coinbase Wrapped Staked ETH,cbETH
56,0xac3e018457b222d93114458476f3e3416abbe38f,Staked Frax Ether,sfrxETH
57,0xb62132e35a6c13ee1ee0f84dc5d40bad8d815206,Nexo,NEXO
58,0x4691937a7508860f876c9c0a2a617e7d9e945d4b,Wootrade Network,WOO
59,0x198d14f2ad9ce69e76ea330b374de4957c3f850a,APENFT,NFT
60,0xd7c49cee7e9188cca6ad8ff264c1da2e69d4cf3b,NXM,NXM
61,0xc00e94cb662c3520282e6f5717214004a7f26888,Compound,COMP
62,0x6982508145454ce325ddbe47a25d4ec3d2311933,Pepe,PEPE
63,0x05f4a42e251f2d52b8ed15e9fedaacfcef1fad27,Zilliqa,ZIL
64,0x152649eA73beAb28c5b49B26eb48f7EAD6d4c898,PancakeSwap Token,Cake
65,0x111111111117dc0aa78b770fa6a738034120c302,1INCH Token,1INCH
66,0x12e2b8033420270db2f3b328e32370cb5b2ca134,SafePalToken,SFP
67,0x0d8775f648430679a709e98d2b0cb6250d2887ef,BAT,BAT
68,0xb63b606ac810a52cca15e44bb630fd42d8d1d83d,MCO,MCO
69,0x6810e776880c02933d47db1b9fc05908e5386b96,Gnosis,GNO
70,0x0316EB71485b0Ab14103307bf65a021042c6d380,Huobi BTC,HBTC
71,0x3103df8f05c4d8af16fd22ae63e406b97fec6938,WQtum,WQTUM
72,0x767fe9edc9e0df98e07454847909b5e959d7ca0e,Illuvium,ILV
73,0xaea46A60368A7bD060eec7DF8CBa43b7EF41Ad85,Fetch,FET
74,0x4e3fbd56cd56c3e72c1403e103b45db9da5b9d2b,Convex Token,CVX
75,0x3294395e62f4eb6af3f1fcf89f5602d90fb3ef69,Celo native asset (Wormhole),CELO
76,0xe452e6ea2ddeb012e20db73bf5d3863a3ac8d77a,Wrapped Celo,wCELO
77,0xf650c3d88d12db855b8bf7d11be6c55a4e07dcc9,Compound USDT,cUSDT
78,0x5b7533812759b45c2b44c19e320ba2cd2681b542,SingularityNET Token,AGIX
79,0x11eef04c884e24d9b7b4760e7476d06ddf797f36,MX Token,MX
80,0xf629cbd94d3791c9250152bd8dfbdf380e2a3b9c,EnjinCoin,ENJ
81,0x056fd409e1d7a124bd7017459dfea2f387b6d5cd,Gemini dollar,GUSD
82,0xbbbbca6a901c926f240b89eacb641d8aec7aeafd,LoopringCoin V2,LRC
83,0x69af81e73a73b40adf4f3d4223cd9b1ece623074,Mask Network,MASK
84,0xC581b735A1688071A1746c968e0798D642EDE491,Euro Tether,EURT
85,0x8fc8f8269ebca376d046ce292dc7eac40c8d358a,DeFiChain Token,DFI
86,0x39aa39c021dfbae8fac545936693ac917d5e7563,Compound USD Coin,cUSDC
87,0x163f8c2467924be0ae7b5347228cabf260318753,Worldcoin,WLD
88,0xc18360217d8f7ab5e7c516566761ea12ce7f9d72,Ethereum Name Service,ENS
89,0x64aa3364f17a4d01c6f1751fd97c2bd3d7e7f1d5,Olympus,OHM
90,0xa117000000f279d81a1d3cc75430faa017fa5a2e,Aragon Network Token,ANT
91,0xcf0c122c6b73ff809c693db761e7baebe62b6a2e,FLOKI,FLOKI
92,0xe3c408BD53c31C085a1746AF401A4042954ff740,GreenMetaverseToken,GMT
93,0x6c6ee5e31d828de241282b9606c8e98ea48526e2,HoloToken,HOT
94,0x7DD9c5Cba05E151C895FDe1CF355C9A1D5DA6429,Golem Network Token,GLM
95,0x58b6a8a3302369daec383334672404ee733ab239,Livepeer Token,LPT
96,0x0bc529c00C6401aEF6D220BE8C6Ea1667F6Ad93e,yearn.finance,YFI
97,0xba9d4199fab4f26efe3551d490e3821486f135ba,SwissBorg,CHSB
98,0x5283d291dbcf85356a21ba090e6db59121208b44,Blur,BLUR
99,0x5d3a536E4D6DbD6114cc1Ead35777bAB948E3643,Compound Dai,cDAI
100,0x6fb3e0a217407efff7ca062d46c26e5d60a14d69,IoTeX Network,IOTX
101,0x8ce9137d39326ad0cd6491fb5cc0cba0e089b6a9,Swipe,SXP
102,0xbf2179859fc6d5bee9bf9158632dc51678a4100e,ELF,ELF
103,0x949d48eca67b17269629c7194f4b727d4ef9e5d6,Merit Circle,MC
104,0xba11d00c5f74255f56a5e366f4f77f5a186d7f55,BandToken,BAND
105,0x39bb259f66e1c59d5abef88375979b4d20d98022,WAX Token,WAX
106,0x467719ad09025fcc6cf6f8311755809d45a5e5f3,Axelar,AXL
107,0xc7283b66eb1eb5fb86327f08e1b5816b0720212b,Tribe,TRIBE
108,0xba100000625a3754423978a60c9317c58a424e3d,Balancer,BAL
109,0xFe2e637202056d30016725477c5da089Ab0A043A,StakeWise Staked ETH2,sETH2
110,0x6123b0049f904d730db3c36a31167d9d4121fa6b,Ribbon,RBN
111,0xfa1a856cfa3409cfa145fa4e20eb270df3eb21ab,IOSToken,IOST
112,0x967da4048cD07aB37855c090aAF366e4ce1b9F48,Ocean Token,OCEAN
113,0xdb25f211ab05b1c97d595516f45794528a807ad8,STASIS EURS Token,EURS
114,0xf939E0A03FB07F59A73314E73794Be0E57ac1b4E,Curve.Fi USD Stablecoin,crvUSD
115,0xde7d85157d9714eadf595045cc12ca4a5f3e2adb,STPT,STPT
116,0x799a4202c12ca952cb311598a024c80ed371a41e,HarmonyOne,ONE
117,0xdeFA4e8a7bcBA345F687a2f1456F5Edd9CE97202,Kyber Network Crystal v2,KNC
118,0x9992ec3cf6a55b00978cddf2b27bc6882d88d1ec,Polymath,POLY
119,0x88df592f8eb5d7bd38bfef7deb0fbc02cf3778a0,Tellor Tributes,TRB
120,0x6dea81c8171d0ba574754ef6f8b412f2ed88c54d,LQTY,LQTY
121,0x26fb86579e371c7aedc461b2ddef0a8628c93d3b,BORA,BORA
122,0x94efe52d17983e6545180fa46d14f344372e180f,eBORA,eBORA
123,0x9d65ff81a3c488d585bbfb0bfe3c7707c7917f54,SSV Token,SSV
124,0x6b3595068778dd592e39a122f4f5a5cf09c90fe2,SushiToken,SUSHI
125,0x00c83aecc790e8a4453e5dd3b0b4b3680501a7a7,SKALE,SKL
126,0x177d39ac676ed1c67a2b268ad7f1e58826e5b0af,CoinDash Token,CDT
127,0x04Fa0d235C4abf4BcF4787aF4CF447DE572eF828,UMA Voting Token v1,UMA
128,0x0b38210ea11411557c13457D4dA7dC6ea731B88a,API3,API3
129,0x0f51bb10119727a7e5ea3538074fb341f56b09ad,DAO Maker,DAO
130,0x491604c0FDF08347Dd1fa4Ee062a822A5DD06B5D,Cartesi Token,CTSI
131,0x744d70fdbe2ba4cf95131626614a1763df805b9e,StatusNetwork,SNT
132,0x0fd10b9899882a6f2fcb5c371e17e70fdee00c38,Pundi X Token,PUNDIX
133,0xcb86c6a22cb56b6cf40cafedb06ba0df188a416e,inSure,SURE
134,0xaf5191b0de278c7286d6c7cc6ab6bb8a73ba2cd6,StargateToken,STG
135,0x320623b8e4ff03373931769a31fc52a4e78b5d70,Reserve Rights,RSR
136,0xff20817765cb7f73d4bde2e66e067e58d11095c2,Amp,AMP
137,0x429D83Bb0DCB8cdd5311e34680ADC8B12070a07f,PlatonCoin,PLTC
138,0x0649cef6d11ed6f88535462e147304d3fe5ae14d,Bitkub Token,KUB
139,0xaa7a9ca87d3694b5755f213b5d04094b8d0f0a6f,Trace,TRAC
140,0xae12c5930881c53715b369cec7606b70d8eb229f,Coin98,C98
141,0x3a4f40631a4f906c2BaD353Ed06De7A5D3fCb430,PlayDapp Token,PLA
142,0xb62e45c3df611dce236a6ddc7a493d79f9dfadef,Wall Street Memes,WSM
143,0xb23d80f5fefcddaa212212f028021b41ded428cf,Prime,PRIME
144,0xF433089366899D83a9f26A773D59ec7eCF30355e,Metal,MTL
145,0x5dc60C4D5e75D22588FA17fFEB90A63E535efCE0,dKargo,DKA
146,0x081f67afa0ccf8c7b17540767bbe95df2ba8d97f,CoinEx Token,CET
147,0xd417144312dbf50465b1c641d016962017ef6240,Covalent Query Token,CQT
148,0xde4EE8057785A7e8e800Db58F9784845A5C2Cbd6,Dexe,DEXE
149,0x579cea1889991f68acc35ff5c3dd0621ff29b0c9,Everipedia IQ,IQ
150,0xEEF9f339514298C6A857EfCfC1A762aF84438dEE,Hermez Network Token,HEZ
151,0x8c15ef5b4b21951d50e53e4fbda8298ffad25057,Function X,FX
152,0x1776e1f26f98b1a5df9cd347953a26dd3cb46671,Numeraire,NMR
153,0xa62cc35625b0c8dc1faea39d33625bb4c15bd71c,StormX,STMX
154,0x839e71613f9aa06e5701cf6de63e303616b0dde3,VVS,VVS
155,0xa849eaae994fb86afa73382e9bd88c2b6b18dc71,Mass Vehicle Ledger Token,MVL
156,0x4bd70556ae3f8a6ec6c4080a0c327b24325438f3,Hxro,HXRO
157,0xfc82bb4ba86045af6f327323a46e80412b91b27d,Token Prometeus Network,PROM
158,0xff56cc6b1e6ded347aa0b7676c85ab0b3d08b0fa,Orbs,ORBS
159,0x607F4C5BB672230e8672085532f7e901544a7375,RLC,RLC
160,0x0d438f3b5175bebc262bf23753c1e53d03432bde,Wrapped NXM,wNXM
161,0x430EF9263E76DAE63c84292C3409D61c598E9682,PYR Token,PYR
162,0x467Bccd9d29f223BcE8043b84E8C8B282827790F,Telcoin,TEL
163,0xed04915c23f00a313a544955524eb7dbd823143d,Alchemy,ACH
164,0x761d38e5ddf6ccf6cf7c55759d5210750b5d60f3,Dogelon,ELON
165,0x856c4Efb76C1D1AE02e20CEB03A2A6a08b0b8dC3,Origin Ether,OETH
166,0x4f9254c83eb525f9fcf346490bbb3ed28a81c667,CelerToken,CELR
167,0x8207c1ffc5b6804f6024322ccf34f29c3541ae26,OriginToken,OGN
168,0xb64ef51c888972c908cfacf59b47c1afbc0ab8ac,Storj,STORJ
169,0x57b946008913b82e4df85f501cbaed910e58d26c,Marlin POND,POND
170,0xaaaebe6fe48e54f431b0c390cfaf0b017d09d42d,Celsius,CEL
171,0x43Dfc4159D86F3A37A5A4B3D4580b888ad7d4DDd,DODO bird,DODO
172,0xd26114cd6EE289AccF82350c8d8487fedB8A0C07,OMG Network,OMG
173,0x595832f8fc6bf59c85c527fec3740a1b7a361269,PowerLedger,POWR
174,0x808507121b80c02388fad14726482e061b8da827,Pendle,PENDLE
175,0x9aab071b4129b083b01cb5a0cb513ce7eca26fa5,HUNT Token,HUNT
176,0xfe3e6a25e6b192a42a44ecddcd13796471735acf,Reef.finance,REEF
177,0xcc8fa225d80b9c7d42f96e9570156c65d6caaa25,Smooth Love Potion,SLP
178,0xa1faa113cbe53436df28ff0aee54275c13b40975,AlphaToken,ALPHA
179,0xf819d9cb1c2a819fd991781a822de3ca8607c3c9,Unibot,UNIBOT
180,0x090185f2135308bad17527004364ebcc2d37e5f6,Spell Token,SPELL
181,0x99fe3b1391503a1bc1788051347a1324bff41452,SportX,SX
182,0x6c5bA91642F10282b576d91922Ae6448C9d52f4E,Phala,PHA
183,0xf2b2f7b47715256ce4ea43363a867fdce9353e3a,Bitgert,BRISE
184,0x3597bfd533a99c9aa083587b074434e61eb0a258,DENT,DENT
185,0x5732046a883704404f284ce41ffadd5b007fd668,Bluzelle,BLZ
186,0xac51066d7bec65dc4589368da368b212745d63e8,ALICE,ALICE
187,0xb3999f658c0391d94a37f7ff328f3fec942bcadc,Hashflow,HFT
188,0x1f573d6fb3f13d689ff844b4ce37794d79a7ff1c,Bancor,BNT
189,0x6b0b3a982b4634ac68dd83a4dbf02311ce324181,Artificial Liquid Intelligence Token,ALI
190,0x6e2a43be0b1d33b726f0ca3b8de60b3482b8b050,Arkham,ARKM
191,0x0f2d719407fdbeff09d87557abb7232601fd9f29,Synapse,SYN
192,0xf411903cbc70a74d22900a5de66a2dda66507255,VERA,VRA
193,0x3E9BC21C9b189C09dF3eF1B824798658d5011937,Linear Token,LINA
194,0x8A2279d4A90B6fe1C4B30fa660cC9f926797bAA2,Chroma,CHR
195,0x5cf04716ba20127f1e2297addcf4b5035000c9eb,NKN,NKN
196,0x2dfF88A56767223A5529eA5960Da7A3F5f766406,SPACE ID,ID
197,0xde30da39c46104798bb5aa3fe8b9e0e1f348163f,Gitcoin,GTC
198,0xea26c4ac16d4a5a106820bc8aee85fd0b7b2b664,QuarkChain Token,QKC
199,0x5de8ab7e27f6e7a1fff3e5b337584aa43961beef,SmarDex Token,SDEX
200,0x178c820f862b14f316509ec36b13123da19a6054,Energy Web Token Bridged,EWTB
201,0x85eee30c52b0b379b046fb0f85f4f3dc3009afec,KEEP Token,KEEP
202,0x8d96b4ab6c741a4c8679ae323a100d74f085ba8f,BAZAARS,BZR
203,0x1aBaEA1f7C830bD89Acc67eC4af516284b1bC33c,EURC,EURC
204,0xba50933c268f567bdc86e1ac131be072c6b0b71a,ARPA Token,ARPA
205,0x9e32b13ce7f2e80a01932b42553652e053d6ed8e,Metis Token,Metis
206,0xd13c7342e1ef687c5ad21b27c2b65d772cab5c8c,Ultra Token,UOS
207,0xf6650117017ffd48b725b4ec5a00b414097108a7,XIDO FINANCE,XIDO
208,0x656c00e1bcd96f256f224ad9112ff426ef053733,Efinity Token,EFI
209,0x2a3bff78b79a009976eea096a51a948a3dc00e34,Wilder,WILD
210,0x0000000000095413afc295d19edeb1ad7b71c952,LON Token,LON
211,0x0c7D5ae016f806603CB1782bEa29AC69471CAb9c,Bifrost,BFC
212,0xcb97e65f07da24d46bcdd078ebebd7c6e6e3d750,Bytom,BTM
213,0xaaa9214f675316182eaa21c85f0ca99160cc3aaa,QANX Token,QANX
214,0x115ec79f1de567ec68b7ae7eda501b406626478e,CarryToken,CRE
215,0xE95A203B1a91a908F9B9CE46459d101078c2c3cb,Ankr Staked ETH,ankrETH
216,0xddb3422497e61e13543bea06989c0789117555c5,COTI Token,COTI
217,0x8f8221afbb33998d8584a2b05749ba73c37a938a,Request,REQ
218,0x940a2db1b7008b6c776d4faaca729d6d4a4aa551,Dusk Network,DUSK
219,0x7a58c0be72be218b41c608b7fe7c5bb630736c71,ConstitutionDAO,PEOPLE
220,0xbe1a001fe942f96eea22ba08783140b9dcc09d28,Beta Token,BETA
221,0xfb7b4564402e5500db5bb6d63ae671302777c75a,DEXTools,DEXT
222,0x419d0d8bdd9af5e606ae2232ed285aff190e711b,FunFair,FUN
223,0x91Af0fBB28ABA7E31403Cb457106Ce79397FD4E6,Aergo,AERGO
224,0x15b7c0c907e4c6b9adaaaabc300c08991d6cea05,Gelato Network Token,GEL
225,0x4b5f49487ea7b3609b1ad05459be420548789f1f,Lever,LEVER
226,0x7ddc52c4de30e94be3a6a0a2b259b2850f421989,GoMining Token,GMT
227,0x4c19596f5aaff459fa38b0f7ed92f11ae6543784,TrueFi,TRU
228,0xe1bad922f84b198a08292fb600319300ae32471b,[FCT] FirmaChain Token,FCT
229,0x32353A6C91143bfd6C7d363B546e62a9A2489A20,Adventure Gold,AGLD
230,0xad3e3fc59dff318beceaab7d00eb4f68b1ecf195,Wrapped Celo USD,wCUSD
231,0x81f8f0bb1cb2a06649e51913a151f0e7ef6fa321,VitaDAO Token,VITA
232,0x99d8a9c45b2eca8864373a26d1459e3dff1e17f3,Magic Internet Money,MIM
233,0xd3e4ba569045546d09cf021ecc5dfe42b1d7f6e4,Morpheus.Network,MNW
234,0xCE3f08e664693ca792caCE4af1364D5e220827B2,SAITAMA,SAITAMA
235,0x55296f69f40ea6d20e478533c15a6b08b654e758,XY Oracle,XYO
236,0x4575f41308EC1483f3d399aa9a2826d74Da13Deb,Orchid,OXT
237,0x42bbfa2e77757c645eeaad1655e0911a7553efbc,Boba Token,BOBA
238,0xccc8cb5229b0ac8069c51fd58367fd1e622afd97,Gods Unchained,GODS
239,0x644192291cc835a93d6330b24ea5f5fedd0eef9e,AllianceBlock Nexera Token,NXRA
240,0xba5bde662c17e2adff1075610382b9b691296350,SuperRare,RARE
241,0xa3ee21c306a700e682abcdfe9baa6a08f3820419,Gluwa Creditcoin Vesting Token,G-CRE
242,0x888888848b652b3e3a0f34c96e00eec0f3a23f72,Alien Worlds Trilium,TLM
243,0x6468e79A80C0eaB0F9A2B574c8d5bC374Af59414,E-RADIX,eXRD
244,0x4e352cF164E64ADCBad318C3a1e222E9EBa4Ce42,MCDEX Token,MCB
245,0xcdcfc0f66c522fd086a1b725ea3c0eeb9f9e8814,Aurora DAO,AURA
246,0xb705268213d593b8fd88d3fdeff93aff5cbdcfae,IDEX Token,IDEX
247,0xbea0000029ad1c77d3d5d23ba2d8893db9d1efab,Bean,BEAN
248,0x57ab1ec28d129707052df4df418d58a2d46d5f51,Synth sUSD,sUSD
249,0xa2120b9e674d3fc3875f415a7df52e382f141225,Automata,ATA
250,0x865ec58b06bf6305b886793aa20a2da31d034e68,Moss Coin,MOC
251,0x818fc6c2ec5986bc6e2cbf00939d90556ab12ce5,Kin,KIN
252,0xff742d05420b6aca4481f635ad8341f81a6300c2,AscendEX token,ASD
253,0xcca0c9c383076649604eE31b20248BC04FdF61cA,BitMax token,BTMX
254,0xa9b1eb5908cfc3cdf91f9b8b3a74108598009096,Bounce Token,Auction
255,0x53c8395465a84955c95159814461466053dedede,DeGate Token,DG
256,0xb59490ab09a0f526cc7305822ac65f2ab12f9723,Litentry,LIT
257,0x4cc19356f2d37338b9802aa8e8fc58b0373296e7,SelfKey,KEY
258,0xe1A178B681BD05964d3e3Ed33AE731577d9d96dD,BOX Token,BOX
259,0xe884cc2795b9c45beeac0607da9539fd571ccf85,Ultiledger,ULT
260,0x7d5121505149065b562c789a0145ed750e6e8cdd,Victoria VR,VR
261,0x4c11249814f11b9346808179cf06e71ac328c1b5,Oraichain Token,ORAI
262,0xf4d2888d29d722226fafa5d9b24f9164c092421e,LooksRare Token,LOOKS
263,0x411099c0b413f4feddb10edf6a8be63bd321311c,Hello,HELLO
264,0xb6ee9668771a79be7967ee29a63d4184f8097143,CargoX,CXO
265,0xC0c293ce456fF0ED870ADd98a0828Dd4d2903DBF,Aura,AURA
266,0xe5b826ca2ca02f09c1725e9bd98d9a8874c30532,ZEON,ZEON
267,0x70e8de73ce538da2beed35d14187f6959a8eca96,XSGD,XSGD
268,0x037a54aab062628c9bbae1fdb1583c195585fe41,LCX,LCX
269,0xb056c38f6b7dc4064367403e26424cd2c60655e1,CEEK,CEEK
270,0x993864e43caa7f7f12953ad6feb1d1ca635b875f,Singularity Dao,SDAO
271,0xf1f955016EcbCd7321c7266BccFB96c68ea5E49b,Rally,RLY
272,0x12bb890508c125661e03b09ec06e404bc9289040,Radio Caca V2,RACA
273,0x5870700f1272a1adbb87c3140bd770880a95e55d,beefy.finance,BIFI
274,0x8806926Ab68EB5a7b909DcAf6FdBe5d93271D6e2,Uquid Coin,UQC
275,0xbbc2ae13b23d715c30720f079fcd9b4a74093505,@EthernityChain $ERN Token,ERN
276,0xf8C3527CC04340b208C854E985240c02F7B7793f,Frontier Token,FRONT
277,0x814e0908b12a99fecf5bc101bb5d0b8b5cdf7d26,Measurable Data Token,MDT
278,0x41545f8b9472D758bB669ed8EaEEEcD7a9C4Ec29,Forta,FORT
279,0x77fba179c79de5b7653f68b5039af940ada60ce0,Ampleforth Governance,FORTH
280,0x84cA8bc7997272c7CfB4D0Cd3D55cd942B3c9419,DIAToken,DIA
281,0xd2ba23de8a19316a638dc1e7a9adda1d74233368,QuickSwap,QUICK
282,0xea11755ae41d889ceec39a63e6ff75a02bc1c00d,Cortex Coin,CTXC
283,0xcd6926193308d3B371FdD6A6219067E550000000,NEST,NEST
284,0x9ab7bb7fdc60f4357ecfef43986818a2a3569c62,Guild of Guardians,GOG
285,0xc2544a32872a91f4a553b404c6950e89de901fdb,Frax Price Index Share,FPIS
286,0x2a9bDCFF37aB68B95A53435ADFd8892e86084F93,Alpha Quark Token,AQT
287,0x16eccfdbb4ee1a85a33f3a9b21175cd7ae753db4,Route,ROUTE
288,0x0ff5a8451a839f5f0bb3562689d9a44089738d11,Dopex Rebate Token,rDPX
289,0x505b5eda5e25a67e1c24a2bf1a527ed9eb88bf04,Coinweb,CWEB
290,0x5e74c9036fb86bd7ecdcb084a0673efc32ea31cb,Synth sETH,sETH
291,0x6c8c6b02e7b2be14d4fa6022dfd6d75921d90e4e,Compound Basic Attention Token,cBAT
292,0x8D6CeBD76f18E1558D4DB88138e2DeFB3909fAD6,Mai Stablecoin,MAI
293,0xdab396ccf3d84cf2d07c4454e10c8a6f5b008d2b,Goldfinch,GFI
294,0xdbdb4d16eda451d0503b854cf79d55697f90c8df,Alchemix,ALCX
295,0xd084b83c305dafd76ae3e1b4e1f1fe2ecccb3988,Terra Virtua Kolect,TVK
296,0x4123a133ae3c521fd134d7b13a2dec35b56c2463,Qredo Token,QRDO
297,0x4161725d019690a3e0de50f6be67b07a86a9fae1,TokenPocket Token,TPT
298,0x80fB784B7eD66730e8b1DBd9820aFD29931aab03,EthLend,LEND
299,0xD9Ec3ff1f8be459Bb9369b4E79e9Ebcf7141C093,KardiaChain Token,KAI
300,0xe1ca72ff3434b131765c62cbcbc26060f7aba03d,MOONs on Ethereum,MOON
301,0xe80c0cd204d654cebe8dd64a4857cab6be8345a3,JPEGâ€™d Governance Token,JPEG
302,0x80c62fe4487e1351b47ba49809ebd60ed085bf52,Clover,CLV
303,0x40D16FC0246aD3160Ccc09B8D0D3A2cD28aE6C2f,Gho Token,GHO
304,0xc5bbae50781be1669306b9e001eff57a2957b09d,Gifto,GTO
305,0x89d24a6b4ccb1b6faa2625fe562bdd9a23260359,Sai Stablecoin v1.0,SAI
306,0x589891a198195061cb8ad1a75357a3b7dbadd7bc,Contentos,COS
307,0x622dFfCc4e83C64ba959530A5a5580687a57581b,CUBE,AUTO
308,0x1ceb5cb57c4d4e2b2433641b95dd330a33185a44,Keep3rV1,KP3R
309,0x4dc3643dbc642b72c158e7f3d2ff232df61cb6ce,Amber,AMB
310,0xec67005c4e498ec7f55e092bd1d35cbc47c91892,Melon Token,MLN
311,0xa5f2211b9b8170f694421f2046281775e8468044,THORSwap Token,THOR
312,0x549020a9Cb845220D66d3E9c6D9F9eF61C981102,SIDUS,SIDUS
313,0x333000333b26eE30214B4af6419D9ab07a450400,Meld,MELD
314,0xD8912C10681D8B21Fd3742244f44658dBA12264E,Pluton,PLU
315,0x5CAc718A3AE330d361e39244BF9e67AB17514CE8,CosplayToken,COT
316,0x61e90a50137e1f645c9ef4a0d3a4f01477738406,League of Kingdoms Arena,LOKA
317,0x888666CA69E0f178DED6D75b5726Cee99A87D698,ICONOMI,ICN
318,0xaaef88cea01475125522e117bfe45cf32044e238,GuildFi Token,GF
319,0x4375e7ad8a01b8ec3ed041399f62d9cd120e0063,BZ,BZ
320,0xc86d054809623432210c107af2e3f619dcfbf652,SENTINEL PROTOCOL,UPP
321,0xc5fb36dd2fb59d3b98deff88425a3f425ee469ed,Dejitaru Tsuka,TSUKA
322,0x6f40d4a6237c257fff2db00fa0510deeecd303eb,Instadapp,INST
323,0xa2cd3d43c775978a96bdbf12d733d5a1ed94fb18,Onyxcoin,XCN
324,0xf001937650bb4f62b57521824b2c20f5b91bea05,Taraxa Coin,TARA
325,0xd31695a1d35e489252ce57b129fd4b1b05e6acac,TOKPIE,TKP
326,0xC08512927D12348F6620a698105e1BAac6EcD911,GMO JPY,GYEN
327,0x5ca381bbfb58f0092df149bd3d243b08b9a8386e,MXCToken,MXC
328,0x0391D2021f89DC339F60Fff84546EA23E337750f,BarnBridge Governance Token,BOND
329,0x48c3399719b582dd63eb5aadf12a40b4c3f52fa2,StakeWise,SWISE
330,0xa2791bdf2d5055cda4d46ec17f9f429568275047,Nuls,NULS
331,0x8f693ca8d21b157107184d29d398a8d082b38b76,Streamr,DATA
332,0xeec2be5c91ae7f8a338e1e5f3b5de49d07afdc81,Dopex Governance Token,DPX
333,0x986EE2B944c42D017F52Af21c4c69B84DBeA35d8,BitMartToken,BMC
334,0x1a7e4e63778b4f12a199c062f3efdd288afcbce8,agEUR,agEUR
335,0x9E976F211daea0D652912AB99b0Dc21a7fD728e4,MAP Protocol,MAP
336,0x410e731c2970Dce3AdD351064AcF5cE9E33FDBf0,Onbuff Token,ONIT
337,0x8c543aed163909142695f2d2acd0d55791a9edb9,VLX,VLX
338,0xaaaaaa20d9e0e2461697782ef11675f668207961,Aurora,AURORA
339,0x9fa69536d1cda4a04cfb50688294de75b505a9ae,DeRace Token,DERC
340,0xcccd1ba9f7acd6117834e0d28f25645decb1736a,ECOx,ECOx
341,0xe41d2489571d322189246dafa5ebde1f4699f498,ZRX,ZRX
342,0x956F47F50A910163D8BF957Cf5846D573E7f87CA,Fei USD,FEI
343,0x476c5E26a75bd202a9683ffD34359C0CC15be0fF,Serum,SRM
344,0xc477d038d5420c6a9e0b031712f61c5120090de9,Boson Token,BOSON
345,0xef3A930e1FfFFAcd2fc13434aC81bD278B0ecC8d,StaFi,FIS
346,0xcfcecfe2bd2fed07a9145222e8a7ad9cf1ccd22a,Adshares,ADS
347,0xe76C6c83af64e4C60245D8C7dE953DF673a7A33D,Rail,RAIL
348,0x96e61422b6a9ba0e068b6c5add4ffabc6a4aae27,Iron Bank EUR,ibEUR
349,0xB2492E97a68a6E4B9E9a11B99F6C42E5aCCD38c7,Veloce,VEXT
350,0x15b543e986b8c34074dfc9901136d9355a537e7e,Student Coin,STC
351,0xf5581dfefd8fb0e4aec526be659cfab1f8c781da,HOPR Token,HOPR
352,0xf16e81dce15b08f326220742020379b855b87df9,IceToken,ICE
353,0x89b69f2d1adffa9a253d40840b6baa7fc903d697,Dione,Dione
354,0x8947da500eb47f82df21143d0c01a29862a8c3c5,Thales DAO Token,THALES
355,0x431ad2ff6a9c365805ebad47ee021148d6f7dbe0,dForce,DF
356,0x27054b13b1b798b345b591a4d22e6562d47ea75a,AirSwap,AST
357,0x2a8e1e676ec238d8a992307b495b45b3feaa5e86,Origin Dollar,OUSD
358,0x471Ea49dd8E60E697f4cac262b5fafCc307506e4,xcRMRK,xcRMRK
359,0xbd0793332e9fb844a52a205a233ef27a5b34b927,ZBToken,ZB
360,0xd0352a019e9ab9d757776f532377aaebd36fd541,Fusion,FSN
361,0x979aCA85bA37c675e78322ed5d97fa980B9Bdf00,Fusion,anyFSN
362,0xcafe001067cdef266afb7eb5a286dcfd277f3de5,ParaSwap,PSP
363,0xee586e7eaad39207f0549bc65f19e336942c992f,Celo Euro (Wormhole),cEUR
364,0xD7EFB00d12C2c13131FD319336Fdf952525dA2af,Proton,XPR
365,0x73968b9a57c6e53d41345fd57a6e6ae27d6cdb2f,Stake DAO Token,SDT
366,0xdd974d5c2e2928dea5f71b9825b8b646686bd200,KyberNetwork,KNC
367,0x8A7aDc1B690E81c758F1BD0F72DFe27Ae6eC56A5,Bolide,BLID
368,0x446c9033e7516d820cc9a2ce2d0b7328b579406f,Healthcare Administration Token,SOLVE
369,0x6399c842dd2be3de30bf99bc7d1bbf6fa3650e70,Premia,PREMIA
370,0x9e46a38f5daabe8683e10793b06749eef7d733d1,Nectar,NCT
371,0x08c32b0726c5684024ea6e141c50ade9690bbdcc,Stratos Token,STOS
372,0x30d20208d987713f46dfd34ef128bb16c404d10f,Stader,SD
373,0x7c07f7abe10ce8e33dc6c5ad68fe033085256a84,Interest Compounding ETH Index,icETH
374,0x14feE680690900BA0ccCfC76AD70Fd1b95D10e16,PAAL AI,$PAAL
375,0xfd09911130e6930bf87f2b0554c44f400bd80d3e,Ethix,ETHIX
376,0x226bb599a12c826476e3a771454697ea52e9e220,Propy,PRO
377,0x19062190b1925b5b6689d7073fdfc8c2976ef8cb,BZZ,BZZ
378,0x3505f494c3f0fed0b594e01fa41dd3967645ca39,SWARM,SWM
379,0x3be7bf1a5f23bd8336787d0289b70602f1940875,VIDT DAO,VIDT
380,0xd13cfd3133239a3c73a9e535a5c4dadee36b395c,VAIOT Token,VAI
381,0xf938424f7210f31df2aee3011291b658f872e91e,VISOR,VISR
382,0x2da719db753dfa10a62e140f436e1d67f2ddb0d6,CERE Network,CERE
383,0x8798249c2E607446EfB7Ad49eC89dD1865Ff4272,SushiBar,xSUSHI
384,0x44108f0223A3C3028F5Fe7AEC7f9bb2E66beF82F,Across Protocol Token,ACX
385,0xde5ed76e7c05ec5e4572cfc88d1acea165109e44,DEUS,DEUS
386,0xe5dada80aa6477e85d09747f2842f7993d0df71c,Dock,DOCK
387,0x3593d125a4f7849a1b059e64f4517a86dd60c95d,MANTRA DAO,OM
388,0x6f80310ca7f2c654691d1383149fa1a57d8ab1f8,Silo Governance Token,Silo
389,0x0202Be363B8a4820f3F4DE7FaF5224fF05943AB1,UniLend Finance Token,UFT
390,0x56d811088235F11C8920698a204A5010a788f4b3,bZx Protocol Token,BZRX
391,0xa0cf46eb152656c7090e769916eb44a138aaa406,Spheroid,SPH
392,0x4b520c812e8430659fc9f12f6d0c39026c83588d,Decentral Games,DG
393,0xcfb98637bcae43C13323EAa1731cED2B716962fD,NimiqNetwork,NET
394,0x584bC13c7D411c00c01A62e8019472dE68768430,Hegic,HEGIC
395,0x626e8036deb333b408be468f951bdb42433cbf18,AIOZ Network,AIOZ
396,0x37e1160184f7dd29f00b78c050bf13224780b0b0,Yuan Chain New,YCC
397,0x3d658390460295fb963f54dc0899cfb1c30776df,CircuitsOfValue,Coval
398,0xadd5e881984783dd432f80381fb52f45b53f3e70,Vite,VITE
399,0xfe18be6b3bd88a2d2a7f928d00292e7a9963cfc6,Synth sBTC,sBTC
400,0x08d967bb0134f2d07f7cfb6e246680c53927dd30,MATH Token,MATH
401,0x96610186F3ab8d73EBEe1CF950C750f3B1Fb79C2,Enjinstarter,EJS
402,0x3ab6ed69ef663bd986ee59205ccad8a20f98b4c2,DREP,DREP
403,0xc5bddf9843308380375a611c18b50fb9341f502a,veCRV-DAO yVault,yveCRV-DAO
404,0xb683d83a532e2cb7dfa5275eed3698436371cc9f,BTU Protocol,BTU
405,0x111111517e4929d3dcbdfa7cce55d30d4b6bc4d6,ICHI,ICHI
406,0x618e75ac90b12c6049ba3b27f5d5f8651b0037f6,QASH,QASH
407,0x8a854288a5976036a725879164ca3e91d30c6a1b,Guaranteed Entrance Token,GET
408,0xa02120696c7b8fe16c09c749e4598819b2b0e915,Wirex Token,WXT
409,0xa735a3af76cc30791c61c10d585833829d36cbe0,Image Generation AI | imgnAI.com,imgnAI
410,0xaDB2437e6F65682B85F814fBc12FeC0508A7B1D0,UniCrypt,UNCX
411,0xc82e3db60a52cf7529253b4ec688f631aad9e7c2,ARC,ARC
412,0x93ed3fbe21207ec2e8f2d3c3de6e058cb73bc04d,Pinakion,PNK
413,0x21bfbda47a0b4b5b1248c767ee49f7caa9b23697,OVR,OVR
414,0xfca59cd816ab1ead66534d82bc21e7515ce441cf,Rarible,RARI
415,0x697beac28b09e122c4332d163985e8a73121b97f,QRL,QRL
416,0xD291E7a03283640FDc51b121aC401383A46cC623,Rari Governance Token,RGT
417,0x9506d37f70eb4c3d79c398d326c871abbf10521d,Media Licensing Token,MLT
418,0x00e856ee945a49bb73436e719d96910cd9d116a4,Shiden,SDN
419,0x970b9bb2c0444f5e81e9d0efb84c8ccdcdcaf84d,Fuse Token,FUSE
420,0x38c87aa89b2b8cd9b95b736e1fa7b612ea972169,AMO Coin,AMO
421,0xe2dc070524a6e305ddb64d8513dc444b6a1ec845,Nash Exchange Token,NEX
422,0x8400d94a5cb0fa0d041a3788e395285d61c9ee5e,UniBright,UBT
423,0x66a0f676479Cee1d7373f3DC2e2952778BfF5bd6,Wise Token,WISE
424,0x06F3C323f0238c72BF35011071f2b5B7F43A054c,MASQ,MASQ
425,0x998FFE1E43fAcffb941dc337dD0468d52bA5b48A,Rupiah Token,IDRT
426,0x0bb217e40f8a5cb79adf04e1aab60e5abd0dfc1e,SwftCoin,SWFTC
427,0xdef1ca1fb7fbcdc777520aa7f396b4e015f497ab,CoW Protocol Token,COW
428,0x89Ab32156e46F46D02ade3FEcbe5Fc4243B9AAeD,pNetwork Token,PNT
429,0x4f81c790581b240a5c948afd173620ecc8c71c8d,Decentral Games Governance,xDG
430,0x2ef52Ed7De8c5ce03a4eF0efbe9B7450F2D7Edc9,Revain,REV
431,0x362bc847A3a9637d3af6624EeC853618a43ed7D2,Parsiq Token,PRQ
432,0x8b39b70e39aa811b69365398e0aace9bee238aeb,PolkaFoundry,PKF
433,0x3496b523e5c00a4b4150d6721320cddb234c3079,NUM Token,NUM
434,0x1bf7fd22709733ccd7c45ab27dd02c7ec8e50078,Qtcon,QTCON
435,0x701c244b988a513c945973defa05de933b23fe1d,OpenANX,OAX
436,0x31f69de127c8a0ff10819c0955490a4ae46fcc2a,Imported GBYTE,GBYTE
437,0x23b608675a2b2fb1890d3abbd85c5775c51691d5,Unisocks Edition 0,SOCKS
438,0xdf574c24545e5ffecb9a659c229253d4111d87e1,HUSD,HUSD
439,0xfd957f21bd95e723645c07c48a2d8acb8ffb3794,Ethereum Meta,ETHM
440,0x43044f861ec040db59a7e324c40507addb673142,Cap,CAP
441,0xeb4c2781e4eba804ce9a9803c67d0893436bb27d,renBTC,renBTC
442,0x06450dEe7FD2Fb8E39061434BAbCFC05599a6Fb8,XEN Crypto,XEN
443,0x8e6cd950ad6ba651f6dd608dc70e5886b1aa6b24,StarLink,STARL
444,0xdf801468a808a32656d2ed2d2d80b72a129739f4,Somnium Space Cubes,CUBE
445,0x41d5d79431a913c4ae7d69a668ecdfe5ff9dfb68,Inverse DAO,INV
446,0xEC213F83defB583af3A000B1c0ada660b1902A0F,Presearch,PRE
447,0x12b19d3e2ccc14da04fae33e63652ce469b3f2fd,GRID,GRID
448,0x2C974B2d0BA1716E644c1FC59982a89DDD2fF724,VIB,VIB
449,0xdddddd4301a082e62e84e43f474f044423921918,DeversiFi Token,DVF
450,0xf0f9d895aca5c8678f706fb8216fa22957685a13,Cult DAO,CULT
451,0x7d29a64504629172a429e64183d6673b9dacbfce,VectorspaceAI,VXV
452,0x0de05f6447ab4d22c8827449ee4ba2d5c288379b,Ooki Token,OOKI
453,0xf5cfbc74057c610c8ef151a439252680ac68c6dc,Octopus Network Token,OCT
454,0x8642a849d0dcb7a15a974794668adcfbe4794b56,Prosper,PROS
455,0x464ebe77c293e473b48cfe96ddcf88fcf7bfdac0,Kryll,KRL
456,0xc770eefad204b5180df6a14ee197d99d808ee52d,FOX,FOX
457,0x562E362876c8Aee4744FC2c6aaC8394C312d215d,Optimus,OPTIMUS
458,0x1ed81e03d7ddb67a21755d02ed2f24da71c27c55,Meta Apes Peel,PEEL
459,0xC17c30e98541188614dF99239cABD40280810cA3,EverRise,RISE
460,0xf418588522d5dd018b425e472991e52ebbeeeeee,Ethereum Push Notification Service,PUSH
461,0x0d88ed6e74bbfd96b831231638b66c05571e824f,AVT,AVT
462,0xba3335588d9403515223f109edc4eb7269a9ab5d,Gearbox,GEAR
463,0xb98d4c97425d9908e66e53a6fdf673acca0be986,ArcBlock,ABT
464,0x1e0b2992079b620aa13a7c2e7c88d2e1e18e46e9,KOMPETE Token,KOMPETE
465,0x99ea4db9ee77acd40b119bd1dc4e33e1c070b80d,Quantstamp,QSP
466,0x243cacb4d5ff6814ad668c3e225246efa886ad5a,Shina Inu,SHI
467,0xfb5c6815ca3ac72ce9f5006869ae67f18bf77006,pSTAKE Finance,PSTAKE
468,0xa36fdbbae3c9d55a1d67ee5821d53b50b63a1ab9,Tempus,TEMP
469,0xc07A150ECAdF2cc352f5586396e344A6b17625EB,BioPassport Coin,BIOT
470,0xd38bb40815d2b0c2d2c866e0c72c5728ffc76dd9,Symbiosis,SIS
471,0x00813E3421E1367353BfE7615c7f7f133C89df74,Splintershards,SPS
472,0x340d2bde5eb28c1eed91b2f790723e3b160613b7,BLOCKv,VEE
473,0x2Ab6Bb8408ca3199B8Fa6C92d5b455F820Af03c4,TE-FOOD/TustChain,TONE
474,0x03ab458634910aad20ef5f1c8ee96f1d6ac54919,Rai Reflex Index,RAI
475,0xf09dea9375ecd3500c565973d21822f0383f1099,Impossible Decentralized Incubat,IDIA
476,0x249ca82617ec3dfb2589c4c17ab7ec9765350a18,Verse,VERSE
477,0x2781246fe707bb15cee3e5ea354e2154a2877b16,ELYSIA,EL
478,0x4fbb350052bca5417566f188eb2ebce5b19bc964,Rigo Token,GRG
479,0x5d285f735998f36631f678ff41fb56a10a4d0429,MixMarvel Token,MIX
480,0x0954906da0Bf32d5479e25f46056d22f08464cab,Index,INDEX
481,0xe5a3229ccb22b6484594973a03a3851dcd948756,RAE Token,RAE
482,0x246908BfF0b1ba6ECaDCF57fb94F6AE2FcD43a77,Divi,DIVI
483,0x2e9d63788249371f1dfc918a52f8d799f4a38c94,Tokemak,TOKE
484,0x06A01a4d579479Dd5D884EBf61A31727A3d8D442,SmartKey,Skey
485,0x0763fdCCF1aE541A5961815C0872A8c5Bc6DE4d7,SUKU,SUKU
486,0x31429d1856ad1377a8a0079410b297e1a9e214c2,ANGLE,ANGLE
487,0xe20b9e246db5a0d21bf9209e4858bc9a3ff7a034,Wrapped Banano,wBAN
488,0x42d6622dece394b54999fbd73d108123806f6a18,SPANK,SPANK
489,0xbba39fd2935d5769116ce38d46a71bde9cf03099,choise.com Token,CHO
490,0x5e3346444010135322268a4630d2ed5f8d09446c,LockTrip,LOC
491,0xC22956c3CFeC3Ee9A9925abeE044F05Bc47f6632,Celo Dollar (Wormhole),cUSD
492,0xb4371da53140417cbb3362055374b10d97e420bb,Switcheo Token,SWTH
493,0xd528cf2e081f72908e086f8800977df826b5a483,Paribus,PBX
494,0xba386a4ca26b85fd057ab1ef86e3dc7bdeb5ce70,Jesus Coin,JESUS
495,0x509A38b7a1cC0dcd83Aa9d06214663D9eC7c7F4a,BlocksquareToken,BST
496,0x08389495d7456e1951ddf7c3a1314a4bfb646d8b,CRPT,CRPT
497,0xf59257E961883636290411c11ec5Ae622d19455e,Floor,FLOOR
498,0x92DF60c51C710a1b1C20E42D85e221f3A1bFc7f2,ApeSwapFinance Banana,BANANA
499,0xb26C4B3Ca601136Daf98593feAeff9E0CA702a8D,Aladdin Token,ALD
500,0x888cea2bbdd5d47a4032cf63668d7525c74af57a,Poof Token,POOF
501,0xe25bcec5d3801ce3a794079bf94adf1b8ccd802d,MATRIX AI Network,MAN
502,0xcf3c8be2e2c42331da80ef210e9b1b307c03d36a,BetProtocolToken,BEPRO
503,0x9625ce7753ace1fa1865a47aae2c5c2ce4418569,KAP Games Token,KAP
504,0x87d73E916D7057945c9BcD8cdd94e42A6F47f776,NFTX,NFTX
505,0x5026F006B85729a8b14553FAE6af249aD16c9aaB,Wojak Coin,WOJAK
506,0x52a8845df664d76c69d2eea607cd793565af42b8,ApeX Token,APEX
507,0x9F52c8ecbEe10e00D9faaAc5Ee9Ba0fF6550F511,Sipher Token,SIPHER
508,0x44709a920fccf795fbc57baa433cc3dd53c44dbe,DappRadar,RADAR
509,0x9dfad1b7102d46b1b197b90095b5c4e9f5845bba,Botto,BOTTO
510,0xe0c05ec44775e4ad62cdc2eecdf337aa7a143363,Mancium,MANC
511,0x3ec8798b81485a254928b70cda1cf0a2bb0b74d7,Gro DAO Token,GRO
512,0x8069080a922834460c3a092fb2c1510224dc066b,SpaceChain,SPC
513,0x321c2fe4446c7c963dc41dd58879af648838f98d,Cryptex,CTX
514,0xf293d23bf2cdc05411ca0eddd588eb1977e8dcd4,Sylo,SYLO
515,0xfad45e47083e4607302aa43c65fb3106f1cd7607,hoge.finance,HOGE
516,0xc28e931814725bbeb9e670676fabbcb694fe7df2,QuadrantProtocol,eQUAD
517,0xa35923162c49cf95e6bf26623385eb431ad920d3,Turbo,TURBO
518,0xe9a95d175a5f4c9369f3b74222402eb1b837693b,ChangeNOW,NOW
519,0x02c3296c6eb50249f290ae596f2be9454bffadab,Rejuve Token,RJV
520,0x26c8afbbfe1ebaca03c2bb082e69d0476bffe099,Cellframe Token,CELL
521,0x686f2404e77ab0d9070a46cdfb0b7fecdd2318b0,Lords,LORDS
522,0x628a3b2e302c7e896acc432d2d0dd22b6cb9bc88,LimeWire Token,LMWR
523,0x108a850856db3f85d0269a2693d896b394c80325,THORWallet Governance Token,TGT
524,0x120a3879da835a5af037bb2d1456bebd6b54d4ba,Revest,RVST
525,0x221657776846890989a759ba2973e427dff5c9bb,Reputation,REPv2
526,0x77777feddddffc19ff86db637967013e6c6a116c,TORN Token,TORN
527,0x1e4746dc744503b53b4a082cb3607b169a289090,IPOR Token,IPOR
528,0x746dda2ea243400d5a63e0700f190ab79f06489e,BOSAGORA,BOA
529,0x91a69021b0baef3445e51726458a0ce601471846,Ethos Reserve Note,ERN
530,0xb9EF770B6A5e12E45983C5D80545258aA38F3B78,Zus,ZCN
531,0xfc0d6cf33e38bce7ca7d89c0e292274031b7157a,NETVRK,NTVRK
532,0xdb5c3c46e28b53a39c255aa39a411dd64e5fed9c,Neos Credits,NCR
533,0xF4134146AF2d511Dd5EA8cDB1C4AC88C57D60404,SunContract,SNC
534,0xb7cb1c96db6b22b0d3d9536e0108d062bd488f74,Walton,WTC
535,0x6a4c76874e686a7d080d173987a35a9c48905583,Luxurious Pro Network Token,LPNT
536,0x6226e00bCAc68b0Fe55583B90A1d727C14fAB77f,MultiVAC,MTV
537,0xb17c88bda07d28b3838e0c1de6a30eafbcf52d85,Shyft [ Wrapped ],SHFT
538,0x37fe0f067fa808ffbdd12891c0858532cfe7361d,Civilization,CIV
539,0xf920e4F3FBEF5B3aD0A25017514B769bDc4Ac135,BABB BAX,BAX
540,0x785c34312dfa6b74f6f1829f79ade39042222168,BUMP,BUMP
541,0x2ecb13a8c458c379c4d9a7259e202de03c8f3d19,Block-Chain.com Token,BC
542,0x1Fd097B75679a2896c007da75F4C74598A46bB7E,BNC,xcBNC
543,0x1410434b0346f5be678d0fb554e5c7ab620f8f4a,KAN,KAN
544,0x49642110b712c1fd7261bc074105e9e44676c68f,DinoLFG,DINO
545,0x6ff2241756549b5816a177659e766eaf14b34429,AQTIS Token,AQTIS
546,0x728f30fa2f100742c7949d1961804fa8e0b1387d,GamerCoin,GHX
547,0x3affcca64c2a6f4e3b6bd9c64cd2c969efd1ecbe,DSLA,DSLA
548,0xb2ee0adbe0ef1281025d0676511bb1df14600f4d,FORE Protocol,FORE
549,0x2Ebd53d035150f328bd754D6DC66B99B0eDB89aa,Metronome2,MET
550,0x1a3496c18d558bd9c6c8f609e1b129f67ab08163,DEAPCOIN,DEP
551,0xfe67a4450907459c3e1fff623aa927dd4e28c67a,Connext,NEXT
552,0x72b886d09c117654ab7da13a14d603001de0b777,XDEFI,XDEFI
553,0x72dd4b6bd852a3aa172be4d6c5a6dbec588cf131,NAGA Coin,NGC
554,0x34Be5b8C30eE4fDe069DC878989686aBE9884470,SENATE,SENATE
555,0x7c5a0ce9267ed19b22f8cae653f198e3e8daf098,SAN,SAN
556,0xeeaa40b28a2d1b0b08f6f97bb1dd4b75316c6107,GOVI,GOVI
557,0x8dbf9a4c99580fc7fd4024ee08f3994420035727,ECO,ECO
558,0x6425c6be902d692ae2db752b3c268afadb099d3b,RED MWAT,MWAT
559,0x73fBD93bFDa83B111DdC092aa3a4ca77fD30d380,SOPH AI Token,SOPH
560,0xe8780b48bdb05f928697a5e8155f672ed91462f7,Cashaa,CAS
561,0xe2f2a5c287993345a840db3b0845fbc70f5935a5,mStable USD,mUSD
562,0xbbbbbbb5aa847a2003fbc6b5c16df0bd1e725f61,B.Protocol,BPRO
563,0x671abbe5ce652491985342e85428eb1b07bc6c64,Quantum,QAU
564,0x474021845c4643113458ea4414bdb7fb74a01a77,UnoRe,UNO
565,0xaa19961b6b858d9f18a115f25aa1d98abc1fdba8,LocalCoinSwap Cryptoshare,LCS
566,0x93190dbce9b9bd4aa546270a8d1d65905b5fdd28,DAPSTOKEN,DAPS
567,0xca1207647Ff814039530D7d35df0e1Dd2e91Fa84,dHedge DAO Token,DHT
568,0x2f109021afe75b949429fe30523ee7c0d5b27207,OCC,OCC
569,0x55af5865807b196bd0197e0902746f31fbccfa58,SpookyToken,BOO
570,0x1b40183efb4dd766f11bda7a7c3ad8982e998421,VesperToken,VSP
571,0xe65ee7c03bbb3c950cfd4895c24989afa233ef01,Zynecoin,ZYN
572,0xfdbc1adc26f0f8f8606a5d63b7d3a3cd21c22b23,1World,1WO
573,0xD2e5decc08A80be6538F89f9AB8ff296e2f724Df,STIMA,STIMA
574,0x777172d858dc1599914a1c4c6c9fc48c99a60990,Solidly,SOLID
575,0xc0f9bd5fa5698b6505f643900ffa515ea5df54a9,Donut,DONUT
576,0x30dcba0405004cf124045793e1933c798af9e66a,Yieldification,YDF
577,0xd98f75b1a3261dab9eed4956c93f33749027a964,ShareToken,SHR
578,0xc314b0e758d5ff74f63e307a86ebfe183c95767b,Adappter Token,ADP
579,0x5a666c7d92e5fa7edcb6390e4efd6d0cdd69cf37,UnmarshalToken,MARSH
580,0x50f09629d0afdf40398a3f317cc676ca9132055c,EVAI.IO,EVAI
581,0x446F2A8A39Cc730ef378Be759A3c57f1a3fE824c,NanoByte Token,NBT
582,0x7de91b204c1c737bcee6f000aaa6569cf7061cb7,Robonomics,XRT
583,0xee573a945b01b788b9287ce062a0cfc15be9fd86,Exeedme,XED
584,0xe0bceef36f3a6efdd5eebfacd591423f8549b9d5,Defactor,FACTR
585,0x961C8c0B1aaD0c0b10a51FeF6a867E3091BCef17,DeFiYieldProtocol,DYP
586,0x1614f18fc94f47967a3fbe5ffcd46d4e7da3d787,PAID Network,PAID
587,0x6e109e9dd7fa1a58bc3eff667e8e41fc3cc07aef,Tether CNH,CNHT
588,0xe5caef4af8780e59df925470b050fb23c43ca68c,Ferrum Network Token,FRM
589,0x2d0e95bd4795d7ace0da3c0ff7b706a5970eb9d3,All Sports Coin,SOC
590,0x056C1D42Fb1326f57da7f19eBB7dDA4673f1FF55,GAINS,GAINS
591,0x333A4823466879eeF910A04D473505da62142069,Nation3,NATION
592,0xc5102fe9359fd9a28f877a67e36b0f050d81a3cc,Hop,HOP
593,0x40fEd5691e547885cABd7A2990De719DCc8497FC,Safe Haven Token,SHA
594,0x4946fcea7c692606e8908002e55a582af44ac121,FOAM Token,FOAM
595,0xfc979087305a826c2b2a0056cfaba50aad3e6439,DAFI Token,DAFI
596,0xf4d861575ecc9493420a3f5a14f85b13f0b50eb3,Fractal Protocol Token,FCL
597,0x738865301a9b7dd80dc3666dd48cf034ec42bdda,Agoras Token,AGRS
598,0x10633216e7e8281e33c86f02bf8e565a635d9770,Dvision,DVI
599,0x8a9c67fee641579deba04928c4bc45f66e26343a,Jarvis Reward Token,JRT
600,0xcaa05e82bdcba9e25cd1a3bf1afb790c1758943d,Partner,PRC
601,0xf17a3fe536f8f7847f1385ec1bc967b2ca9cae8d,Alongside Crypto Market Index,AMKT
602,0xd241d7b5cb0ef9fc79d9e4eb9e21f5e209f52f7d,HooToken,HOO
603,0x544c42fbb96b39b21df61cf322b5edc285ee7429,InsurAce,INSUR
604,0x0ec9f76202a7061eb9b3a7d6b59d36215a7e37da,BlackPool Token,BPT
605,0x9469d013805bffb7d3debe5e7839237e535ec483,Darwinia Network Native Token,RING
606,0x820802fa8a99901f52e39acd21177b0be6ee2974,EUROe Stablecoin,EUROe
607,0xcdb37a4fbc2da5b78aa4e41a432792f9533e85cc,CheckDot,CDT
608,0xa499648fd0e80fd911972bbeb069e4c20e68bf22,Jenny Metaverse DAO Token,uJENNY
609,0x16631e53c20fd2670027c6d53efe2642929b285c,pTokens SAFEMOON,pSAFEMOON
610,0x16cda4028e9e872a38acb903176719299beaed87,MARS4,MARS4
611,0x5362ca75aa3c0e714bc628296640c43dc5cb9ed6,Dejitaru Hoshi,HOSHI
612,0x3aaDA3e213aBf8529606924d8D1c55CbDc70Bf74,XMON,XMON
613,0xc6dddb5bc6e61e0841c54f3e723ae1f3a807260b,Aurox Token,URUS
614,0xb4272071ecadd69d933adcd19ca99fe80664fc08,CryptoFranc,XCHF
615,0x419c4db4b9e25d6db2ad9691ccb832c8d9fda05e,Dragon,DRGN
616,0x92e52a1a235d9a103d970901066ce910aacefd37,UCASH,UCASH
617,0x6fc13eace26590b80cccab1ba5d51890577d83b2,Umbrella,UMB
618,0xe4cfe9eaa8cdb0942a80b7bc68fd8ab0f6d44903,XEND,XEND
619,0x68037790a0229e9ce6eaa8a99ea92964106c4703,PAR Stablecoin,PAR
620,0xfe39e6a32acd2af7955cb3d406ba2b55c901f247,ZTCoin,ZT
621,0x4fc15c91a9c4a9efb404174464687e8e128730c2,STAT,STAT
622,0xfb130d93e49dca13264344966a611dc79a456bc5,DogeGF,DOGEGF
623,0xf85feea2fdd81d51177f6b8f35f0e6734ce45f5f,CyberMiles,CMT
624,0x0d8ca4b20b115d4da5c13dc45dd582a5de3e78bf,GeneraitivAI,GAI
625,0xa393473d64d2F9F026B60b6Df7859A689715d092,Lattice Token,LTX
626,0x5d07f52ae5f779422447c2a32f58c93a15e7d6f2,Kylin Network Token,KYL
627,0xdfe66b14d37c77f4e9b180ceb433d1b164f0281d,stakedETH,stETH
628,0x2e2364966267B5D7D2cE6CD9A9B5bD19d9C7C6A9,Voice Token,VOICE
629,0x6B9f031D718dDed0d681c20cB754F97b3BB81b78,Geeq,GEEQ
630,0x0d02755a5700414b26ff040e1de35d337df56218,Bend Token,BEND
631,0x4156D3342D5c385a87D264F90653733592000581,Salt,SALT
632,0x9b25889c493ae6df34ceef1ecb10d77c1ba73318,MEAN,MEAN
633,0x37f04d2c3ae075fad5483bb918491f656b12bdb6,Vestchain,VEST
634,0xd4c435f5b09f855c3317c8524cb1f586e42795fa,Cindicator,CND
635,0xC4C2614E694cF534D407Ee49F8E44D125E4681c4,Chain Games,CHAIN
636,0x013062189dc3dcc99e9cee714c513033b8d99e3c,Bware,INFRA
637,0x298d492e8c1d909d3f63bc4a36c66c64acb3d695,PolkaBridge,PBR
638,0x60be1e1fe41c1370adaf5d8e66f07cf1c2df2268,Perion Credits,PERC
639,0x4a527d8fc13c5203ab24ba0944f4cb14658d1db6,Morpheus Infrastructure Token,MITx
640,0x519c1001d550c0a1dae7d1fc220f7d14c2a521bb,Polkaswap,PSWAP
641,0x8971f9fd7196e5cee2c1032b50f656855af7dd26,Lambda,LAMB
642,0xaaaf91d9b90df800df4f55c205fd6989c977e73a,Monolith,TKN
643,0xba8a621b4a54e61c442f5ec623687e2a942225ef,Sandclock,QUARTZ
644,0x7b6f71c8b123b38aa8099e0098bec7fbc35b8a13,Nerve Network,NVT
645,0xb9d99c33ea2d86ec5ec6b8a4dd816ebba64404af,k21.kanon.art,K21
646,0x3af33bef05c2dcb3c7288b77fe1c8d2aeba4d789,Kromatika,KROM
647,0x26E1f9F817b3b5FC2146c01ae34826593E593962,qiibeeCoin,QBX
648,0x2791bfd60d232150bff86b39b7146c0eaaa2ba81,BiFi,BiFi
649,0x73374Ea518De7adDD4c2B624C0e8B113955ee041,Juggernaut DeFi,JGN
650,0x0c572544a4ee47904d54aaa6a970af96b6f00e1b,Wasder Token,WAS
651,0xb753428af26e81097e7fd17f40c88aaa3e04902c,Spice,SFI
652,0xfb559ce67ff522ec0b9ba7f5dc9dc7ef6c139803,ProBit Token,PROB
653,0x20e7125677311fca903a8897042b9983f22ea295,FreewayToken,FWT
654,0x4c327471C44B2dacD6E90525f9D629bd2e4f662C,GHOST,GHOST
655,0x374cb8c27130e2c9e04f44303f3c8351b9de61c1,BaoToken,BAO
656,0xe50365f5d679cb98a1dd62d6f6e58e59321bcddf,LAtoken,LA
657,0x3a880652f47bfaa771908c07dd8673a787daed3a,DerivaDAO,DDX
658,0x4c6ec08cf3fc987c6c4beb03184d335a2dfc4042,Paint,PAINT
659,0xa64d5d1eb67748226d84812b45711453f1118c32,CheemsInu,CINU
660,0xc9c4fd7579133701fa2769b6955e7e56bb386db1,Bridge,BRG
661,0xf519381791c03dd7666c142d4e49fd94d3536011,ASIA COIN,ASIA
662,0xcbfef8fdd706cde6f208460f2bf39aa9c785f05d,Kine Governance Token,KINE
663,0xbc19712feb3a26080ebf6f2f7849b417fdd792ca,BoringDAO,BORING
664,0x84cffa78b2fbbeec8c37391d2b12a04d2030845e,DIGITAL FITNESS,DEFIT
665,0x0b498ff89709d3838a063f1dfa463091f9801c2b,BTC 2x Flexible Leverage Index,BTC2x-FLI
666,0x13119e34e140097a507b07a5564bde1bc375d9e6,MoneyToken,IMT
667,0xbad96ea5d43156a99a94cd1fd36a330aa7e2273e,Just Data from Blockchain,JDB
668,0xBd356a39BFf2cAda8E9248532DD879147221Cf76,WOM Token,WOM
669,0xb31ef9e52d94d4120eb44fe1ddfde5b4654a6515,DOSE,DOSE
670,0xaf4dce16da2877f8c9e00544c93b62ac40631f16,Monetha,MTH
671,0x3A8cCCB969a61532d1E6005e2CE12C200caeCe87,TitanSwap,Titan
672,0x0cec1a9154ff802e7934fc916ed7ca50bde6844e,PoolTogether,POOL
673,0x79c7ef95ad32dcd5ecadb231568bb03df7824815,ARIVA,ARV
674,0x954b890704693af242613edef1b603825afcd708,Cardstack,CARD
675,0x1559fa1b8f28238fd5d76d9f434ad86fd20d1559,Eden,EDEN
676,0x0ada190c81b814548ddc2f6adc4a689ce7c1fe73,yAxis V2,YAXIS
677,0xd9016a907dc0ecfa3ca425ab20b6b785b42f2373,GAMEE,GMEE
678,0x73d7c860998ca3c01ce8c808f5577d94d545d1b4,Ixs Token,IXS
679,0xacfa209fb73bf3dd5bbfb1101b9bc999c49062a5,Blockchain Certified Data Token,BCDT
680,0xa3BeD4E1c75D00fa6f4E5E6922DB7261B5E9AcD2,Meta,MTA
681,0xf3dcbc6d72a4e1892f7917b7c43b74131df8480e,BDPToken,BDP
682,0x155ff1A85F440EE0A382eA949f24CE4E0b751c65,Behodler.io,EYE
683,0x26e75307fc0c021472feb8f727839531f112f317,Crypto20,C20
684,0x1796ae0b0fa4862485106a0de9b654efe301d0b2,Polkamon,PMON
685,0x4DF812F6064def1e5e029f1ca858777CC98D2D81,Xaurum,Xaurum
686,0xae353daeed8dcc7a9a12027f7e070c0a50b7b6a4,InnovaMinex,MINX
687,0x02de007d412266a2e0fa9287c103474170f06560,Exorde Network Token,EXD
688,0xb0ed33f79d89541dfdcb04a8f04bc2c6be025ecc,ZeroLiquid,ZERO
689,0x4f08705fb8f33affc231ed66e626b40e84a71870,Flute,FLUT
690,0x3f14920c99beb920afa163031c4e47a3e03b3e4a,Send,send
691,0xc7c03b8a3fc5719066e185ea616e87b88eba44a3,EligmaToken,ELI
692,0xc86817249634ac209bc73fca1712bbd75e37407d,1-UP,1-UP
693,0xe5feeac09d36b18b3fa757e5cf3f8da6b8e27f4c,NFT INDEX,NFTI
694,0x94e496474f1725f1c1824cb5bdb92d7691a4f03a,Banana,BANANA
695,0x64a60493d888728cf42616e034a0dfeae38efcf0,Oneledger Token,OLT
696,0x50de6856358cc35f3a9a57eaaa34bd4cb707d2cd,RAZOR,RAZOR
697,0xa44e5137293e855b1b7bc7e2c6f8cd796ffcb037,SENTinel,SENT
698,0xb870679a7fa65b924026f496de7f27c1dd0e5c5f,Pet Token,PET
699,0x3c4bEa627039F0B7e7d21E34bB9C9FE962977518,UCOT,UCT
700,0x5ba19d656b65f1684cfea4af428c23b9f3628f97,AAG,AAG
701,0xddf7fd345d54ff4b40079579d4c4670415dbfd0a,SocialGood,SG
702,0x630d98424efe0ea27fb1b3ab7741907dffeaad78,PEAKDEFI,PEAK
703,0x9f9c8ec3534c3ce16f928381372bfbfbfb9f4d24,GraphLinq,GLQ
704,0x0b4bdc478791897274652dc15ef5c135cae61e60,DAEX Token,DAX
705,0x08f5a9235b08173b7569f83645d2c7fb55e8ccd8,Tierion Network Token,TNT
706,0x08d32b0da63e2C3bcF8019c9c5d849d7a9d791e6,Dentacoin,Dentacoin
707,0x777fd20c983d6658c1d50b3958b3a1733d1cd1e1,PUBLISH,NEWS
708,0x001a8ffcb0f03e99141652ebcdecdb0384e3bd6c,POLKER,PKR
709,0x188e817b02e635d482ae4d81e25dda98a97c4a42,Lithium,LITH
710,0x6bb61215298f296c55b19ad842d3df69021da2ef,Drops Ownership Power,DOP
711,0xb3319f5d18bc0d84dd1b4825dcde5d5f7266d407,Compound 0x,cZRX
712,0x461733c17b0755ca5649b6db08b3e213fcf22546,ATN,ATN
713,0x2c9023bbc572ff8dc1228c7858a280046ea8c9e5,VideoCoin,VID
714,0x558ec3152e2eb2174905cd19aea4e34a23de9ad6,Bread,BRD
715,0xe60779cc1b2c1d0580611c526a8df0e3f870ec48,unshETHing_Token,USH
716,0x1117ac6ad6cdf1a3bc543bad3b133724620522d5,moda,MODA
717,0x2e95cea14dd384429eb3c4331b776c4cfbb6fcd9,Throne,THN
718,0xd794DD1CAda4cf79C9EebaAb8327a1B0507ef7d4,HYVE,HYVE
719,0xebd9d99a3982d547c5bb4db7e3b1f9f14b67eb83,Everest ID,ID
720,0x722f2f3eac7e9597c73a593f7cf3de33fbfc3308,CoinUs,CNUS
721,0x5f0e628b693018f639d10e4a4f59bd4d8b2b6b44,Whiteheart Token,WHITE
722,0x4f3afec4e5a3f2a6a1a411def7d7dfe50ee057bf,Digix Gold Token,DGX
723,0xa7f976c360ebbed4465c2855684d1aae5271efa9,TrueFlip,TFL
724,0xdcd85914b8ae28c1e62f1c488e1d968d5aaffe2b,TOP Network,TOP
725,0x990f341946A3fdB507aE7e52d17851B87168017c,Strong,STRONG
726,0xcB8fb2438A805664cD8c3e640b85AC473DA5BE87,ClinTex CTI,CTI
727,0x7d3cb11f8c13730c24d01826d8f2005f0e1b348f,COS,COS
728,0x9389434852b94bbad4c8afed5b7bdbc5ff0c2275,TTC Protocol (TTC),TTC
729,0x6b193e107a773967bd821bcf8218f3548cfa2503,Posscoin,POSS
730,0xC48b4814fAEd1CCc885DD6fDe62A6474AeCbb19a,Coin Merge,CMERGE
731,0xcfeb09c3c5f0f78ad72166d55f9e6e9a60e96eec,vEmpire Gamer Token,VEMP
732,0x5fE72ed557d8a02FFf49B3B826792c765d5cE162,Shezmu,SHEZMU
733,0x2b1d36f5b61addaf7da7ebbd11b35fd8cfb0de31,Interport Token,ITP
734,0xe3818504c1b32bf1557b16c238b2e01fd3149c17,PILLAR,PLR
735,0xFbEEa1C75E4c4465CB2FCCc9c6d6afe984558E20,DuckDaoDime,DDIM
736,0xdacD69347dE42baBfAEcD09dC88958378780FB62,AtariToken,ATRI
737,0x94E9EB8b5Ab9fd6B9ea3169D55FFAde62a01702e,BreederDAO,BREED
738,0x96A65609a7B84E8842732DEB08f56C3E21aC6f8a,Centra,CTR
739,0x08711d3b02c8758f2fb3ab4e80228418a7f8e39c,Edgeless,EDG
740,0xe8663a64a96169ff4d95b4299e7ae9a76b905b31,Rating,Rating
741,0xB97048628DB6B661D4C2aA833e95Dbe1A905B280,TenXPay,PAY
742,0x6149c26cd2f7b5ccdb32029af817123f6e37df5b,Launchpool token,LPOOL
743,0x9b99cca871be05119b2012fd4474731dd653febe,Antimatter.Finance Governance Token,MATTER
744,0x3330bfb7332ca23cd071631837dc289b09c33333,RUBIC TOKEN,RBC
745,0xf5238462e7235c7b62811567e63dd17d12c2eaa0,CACHE Gold,CGT
746,0x7bef710a5759d197ec0bf621c3df802c2d60d848,SHOPX,SHOPX
747,0xc834fa996fa3bec7aad3693af486ae53d8aa8b50,Convergence,CONV
748,0xD23Ac27148aF6A2f339BD82D0e3CFF380b5093de,SIREN,SI
749,0x3893b9422cd5d70a81edeffe3d5a1c6a978310bb,Mithril Token,MITH
750,0xee9801669c6138e84bd50deb500827b776777d28,O3 Swap Token,O3
751,0x1c9922314ed1415c95b9fd453c3818fd41867d0b,TOWER,TOWER
752,0xF3A3023e6Dede84AD88a656A3269F2A36e83c9a9,SHARBI,$SHARBI
753,0x054D64b73d3D8A21Af3D764eFd76bCaA774f3Bb2,Plasma,PPAY
754,0x58f9102bf53cf186682bd9a281d3cd3c616eec41,Triall,TRL
755,0xcd7492db29e2ab436e819b249452ee1bbdf52214,SafeMoon Inu,SMI
756,0xfb782396c9b20e564a64896181c7ac8d8979d5f4,DivergenceProtocol,DIVER
757,0xa487bf43cf3b10dffc97a9a744cbb7036965d3b9,Deri,DERI
758,0x0e69d0a2bbb30abcb7e5cfea0e4fde19c00a8d47,CarLive Chain,IOV
759,0xd4fa1460f537bb9085d22c7bccb5dd450ef28e3a,Populous,PPT
760,0x7865af71cf0b288b4e7f654f4f7851eb46a2b7f8,Sentivate,SNTVT
761,0xb7b1570e26315baad369b8ea0a943b7f140db9eb,DEEPSPACE,DPS
762,0x41a3dba3d677e573636ba691a70ff2d606c29666,GoBlank Token,BLANK
763,0xdd16ec0f66e54d453e6756713e533355989040e4,Tokenomy,TEN
764,0x4f878c0852722b0976a955d68b376e4cd4ae99e5,WaykiCoin,WIC
765,0xf8b358b3397a8ea5464f8cc753645d42e14b79ea,Airbloc,ABL
766,0xd8f1460044925d2d5c723c7054cd9247027415b7,SAIL Token,SAIL
767,0x87869a9789291a6cec99f3c3ef2ff71fceb12a8e,CoinMerge OS,CMOS
768,0x2f141ce366a2462f02cea3d12cf93e4dca49e4fd,Free Coin,FREE
769,0x4c2e59d098df7b6cbae0848d66de2f8a4889b9c3,Fodl,FODL
770,0xc741f06082aa47f93729070ad0dd95e223bda091,Education,LEDU
771,0xA67E9F021B9d208F7e3365B2A155E3C55B27de71,KleeKai,KLEE
772,0x6781a0f84c7e9e846dcb84a9a5bd49333067b104,ZAP TOKEN,ZAP
773,0x4B1E80cAC91e2216EEb63e29B957eB91Ae9C2Be8,Jupiter,JUP
774,0x8CC0F052fff7eaD7f2EdCCcaC895502E884a8a71,ARTH Valuecoin,ARTH
775,0x9f7229aF0c4b9740e207Ea283b9094983f78ba04,Tadpole,TAD
776,0xb6ed7644c69416d67b522e20bc294a9a9b405b31,0xBitcoin Token,0xBTC
777,0x0db8d8b76bc361bacbb72e2c491e06085a97ab31,iQeon,IQN
778,0x94e0bab2f6ab1f19f4750e42d7349f2740513ad5,UNIC,UNIC
779,0xffffffff2ba8f66d4e51811c5190992176930278,Furucombo,COMBO
780,0xad22f63404f7305e4713ccbd4f296f34770513f4,Atomic Wallet Token,AWC
781,0x60f5672a271c7e39e787427a18353ba59a4a3578,PIKA,PIKA
782,0x0AaCfbeC6a24756c20D41914F2caba817C0d8521,YAM,YAM
783,0xE7f58A92476056627f9FdB92286778aBd83b285F,DecentraWeb,DWEB
784,0x64b78325d7495D6d4be92f234fa3f3B8d8964B8b,SHOP,SHOP
785,0xf9c53268e9de692ae1b2ea5216e24e1c3ad7cb1e,Idexo Token,IDO
786,0xe1d7c7a4596b038ced2a84bf65b8647271c53208,NFTY Token,NFTY
787,0x4a615bb7166210cce20e6642a6f8fb5d4d044496,NAOSToken,NAOS
788,0xe7ae6d0c56cacaf007b7e4d312f9af686a9e9a04,Vabble,VAB
789,0xc05c3af62f5f3663f2c415473aa4d5ad69200033,Pirb,PIRB
790,0xE1c7E30C42C24582888C758984f6e382096786bd,Curate,XCUR
791,0x69fa0fee221ad11012bab0fdb45d444d3d2ce71c,XRUNE Token,XRUNE
792,0x45448e05020576929fcdeabc228e35b420098840,Idavoll,IDV
793,0xed0439eacf4c4965ae4613d77a5c2efe10e5f183,shroom.finance,SHROOM
794,0x6e9730ecffbed43fd876a264c982e254ef05a0de,Nord Token,NORD
795,0x687174f8c49ceb7729d925c3a961507ea4ac7b28,GAT,GAT
796,0xd2bdaaf2b9cc6981fd273dcb7c04023bfbe0a7fe,Aviator,AVI
797,0x8f0921f30555624143d427b340b1156914882c10,Flyp.me,FYP
798,0x5de597849cf72c72f073e9085bdd0dadd8e6c199,FBX Token,FBX
799,0x4463e6a3ded0dbe3f6e15bc8420dfc55e5fea830,TXA,TXA
800,0xf970b8e36e23f7fc3fd752eea86f8be8d83375a6,RipioCreditNetwork,RCN
801,0x48c276e8d03813224bb1e55f953adb6d02fd3e02,Kuma Inu,KUMA
802,0x2BA8349123de45E931a8C8264c332E6e9CF593F9,Blockchain Monster Coin,BCMC
803,0x0f8c45b896784a1e408526b9300519ef8660209c,XMAX,XMX
804,0x377d552914e7a104bc22b4f3b6268ddc69615be7,NEXT,NEXT
805,0xca0e7269600d353f70b14ad118a49575455c0f2f,AMLT,AMLT
806,0x1f36fb2d91d9951cf58ae4c1956c0b77e224f1e9,VCGamers,VCG
807,0x68AA3F232dA9bdC2343465545794ef3eEa5209BD,Mothership,MSP
808,0x525ef76138bf76118d786dbedeae5f87aabf4a81,Scalara NFT Index,NFTI
809,0x29cbd0510eec0327992cd6006e63f9fa8e7f33b7,Tidal Token,TIDAL
810,0xfc05987bd2be489accf0f509e44b0145d68240f7,ESSENTIA,ESS
811,0xc690f7c7fcffa6a82b79fab7508c466fefdfc8c5,Lympo tokens,LYM
812,0xd0660cd418a64a1d44e9214ad8e459324d8157f1,Woofy,WOOFY
813,0xd07d9fe2d2cc067015e2b4917d24933804f42cfa,Tolar Token,TOL
814,0xd567b5f02b9073ad3a982a099a23bf019ff11d1c,Game Coin,GAME
815,0x68d57c9a1c35f63e2c83ee8e49a64e9d70528d25,SIRIN,SRN
816,0xaecc217a749c2405b5ebc9857a16d58bdc1c367f,Pawthereum,PAWTH
817,0xcbcc0f036ed4788f63fc0fee32873d6a7487b908,Humaniq,HMQ
818,0xf0ee6b27b759c9893ce4f094b49ad28fd15a23e4,Enigma,ENG
819,0xcd2828fc4d8e8a0ede91bb38cf64b1a81de65bf6,OddzToken,ODDZ
820,0xa41f142b6eb2b164f8164cae0716892ce02f311f,Avocado DAO Token,AVG
821,0x2e1E15C44Ffe4Df6a0cb7371CD00d5028e571d14,Mettalex,MTLX
822,0xcaaa93712bdac37f736c323c93d4d5fdefcc31cc,CryptalDash,CRD
823,0x3d6f0dea3ac3c607b3998e6ce14b6350721752d9,CARD.STARTER,CARDS
824,0x83e9f223e1edb3486f876ee888d76bfba26c475a,BlockchainSpace,GUILD
825,0xF063fE1aB7a291c5d06a86e14730b00BF24cB589,DxSale.Network,SALE
826,0x8e0fe2947752be0d5acf73aae77362daf79cb379,NFTrade Token,NFTD
827,0x9b2b931d6ab97b6a887b2c5d8529537e6fe73ebe,All In,AllIn
828,0x9ab165d795019b6d8b3e971dda91071421305e5a,Aurora,AOA
829,0x4f640f2529ee0cf119a2881485845fa8e61a782a,pTokens ORE,ORE
830,0x0aee8703d34dd9ae107386d3eff22ae75dd616d1,Tranche Finance,SLICE
831,0xd502f487e1841fdc805130e13eae80c61186bc98,Integral,ITGR
832,0x8287c7b963b405b7b8d467db9d79eec40625b13a,SWINGBY token,SWINGBY
833,0x6100dd79fcaa88420750dcee3f735d168abcb771,Ethereans,OS
834,0x16594930D16f3970e1a4317c6016555cb2e7b7Fc,TokenBot,TKB
835,0x3a1bda28adb5b0a812a7cf10a1950c920f79bcd3,FLIP,FLP
836,0xdf49c9f599a0a9049d97cff34d0c30e468987389,Smart Advertising Transaction Token,SATT
837,0x8db1d28ee0d822367af8d220c0dc7cb6fe9dc442,ETHPAD.network,ETHPAD
838,0x0e22734e078d6e399bcee40a549db591c4ea46cb,Streamity,STM
839,0xd0929d411954c47438dc1d871dd6081f5c5e149c,Refereum,RFR
840,0x51db5ad35c671a87207d88fc11d593ac0c8415bd,Moeda Loyalty Points,MDA
841,0xbbff34e47e559ef680067a6b1c980639eeb64d24,Leverj Gluon,L2
842,0x9Ed8e7C9604790F7Ec589F99b94361d8AAB64E5E,Unistake,UNISTAKE
843,0x1337def16f9b486faed0293eb623dc8395dfe46a,Armor,ARMOR
844,0x0f71b8de197a1c84d31de0f1fa7926c365f052b3,Arcona Distribution Contract,ARCONA
845,0xea54c81fe0f72de8e86b6dc78a9271aa3925e3b5,BGGToken,BGG
846,0xf04a8ac553fcedb5ba99a64799155826c136b0be,Flixx,FLIXX
847,0x107c4504cd79c5d2696ea0030a8dd4e92601b82e,Bloom,BLT
848,0xc55c2175e90a46602fd42e931f62b3acc1a013ca,Mogul Stars,STARS
849,0x0E29e5AbbB5FD88e28b2d355774e73BD47dE3bcd,Hakka Finance,HAKKA
850,0x8bbe1a2961B41340468D0548c2cd5B7DFA9b684c,Handy Token,HANDY
851,0xDF347911910b6c9A4286bA8E2EE5ea4a39eB2134,BOB Token,BOB
852,0x1c48f86ae57291f7686349f12601910bd8d470bb,USDK,USDK
853,0x10be9a8dae441d276a5027936c3aaded2d82bc15,https://unimex.network/,UMX
854,0x9f7fc686cfd64aa5ae15b351d03071e91533094b,Trace Network,TRACE
855,0x5d65D971895Edc438f465c17DB6992698a52318D,Nebulas,NAS
856,0xb26631c6dda06ad89b93c71400d25692de89c068,Minds,MINDS
857,0x1B5E16C5b20Fb5EE87C61fE9Afe735Cca3B21A65,Index Coop Large Cap Index,ic21
858,0xdd94842c15abfe4c9bafe4222ade02896beb064c,W GREEN PAY,WGP
859,0x155040625d7ae3e9cada9a73e3e44f76d3ed1409,Revomon,REVO
860,0x8ee325ae3e54e83956ef2d5952d3c8bc1fa6ec27,Fable Of The Dragon,TYRANT
861,0x8a1e3930fde1f151471c368fdbb39f3f63a65b55,Bezop,Bez
862,0x798d1be841a82a273720ce31c822c61a67a601c3,Digg,DIGG
863,0x196f4727526eA7FB1e17b2071B3d8eAA38486988,Reserve,RSV
864,0xe530441f4f73bdb6dc2fa5af7c3fc5fd551ec838,GSENetwork,GSE
865,0x2e7b0d4f9b2eaf782ed3d160e3a0a4b1a7930ada,Ceres,CERES
866,0x3c8D2FCE49906e11e71cB16Fa0fFeB2B16C29638,Nifty League,NFTL
867,0x038a68ff68c393373ec894015816e33ad41bd564,Glitch,GLCH
868,0x009c43b42aefac590c719e971020575974122803,BIXToken,BIX
869,0x0cdf9acd87e940837ff21bb40c9fd55f68bba059,Public Mint,MINT
870,0x8ae4bf2c33a8e667de34b54938b0ccd03eb8cc06,Patientory,PTOY
871,0xaf9f549774ecedbd0966c52f250acc548d3f36e5,Rio Fuel Token,RFuel
872,0x104f3152d8ebfc3f679392977356962ff36566ac,ChainPort Token,PORTX
873,0x30f271C9E86D2B7d00a6376Cd96A1cFBD5F0b9b3,Decentr,DEC
874,0x28b5e12cce51f15594b0b91d5b5adaa70f684a02,NapoleonX,NPX
875,0x1735db6ab5baa19ea55d0adceed7bcdc008b3136,UREEQA Token,URQA
876,0xa0bEd124a09ac2Bd941b10349d8d224fe3c955eb,DePay,DEPAY
877,0x846c66cf71c43f80403b51fe3906b3599d63336f,PumaPay,PMA
878,0x78a2a1029e3168b49d3a276c787050ff5106dcf2,EZOOW,EZW
879,0x4092678e4e78230f46a1534c0fbc8fa39780892b,OCoin,OCN
880,0x0Ae055097C6d159879521C384F1D2123D1f195e6,STAKE,STAKE
881,0xeb986DA994E4a118d5956b02d8b7c3C7CE373674,Gather,GTH
882,0x5eeaa2dcb23056f4e8654a349e57ebe5e76b5e6e,Virtue Player Points,VPP
883,0xff19138b039d938db46bdda0067dc4ba132ec71c,Snetwork,SNET
884,0x6c936d4ae98e6d2172db18c16c4b601c99918ee6,Life Crypto,LIFE
885,0x255aa6df07540cb5d3d297f0d0d4d84cb52bc8e6,Raiden,RDN
886,0x13c2fab6354d3790d8ece4f0f1a3280b4a25ad96,PHI Token,PHI
887,0x9b4e2b4b13d125238aa0480dd42b4f6fc71b37cc,MT Token,MT
888,0xf680429328caaacabee69b7a9fdb21a71419c063,Butterfly Protocol Governance Token,BFLY
889,0x7815bda662050d84718b988735218cffd32f75ea,YEL Token,YEL
890,0x580c8520deda0a441522aeae0f9f7a5f29629afa,Dawn,DAWN
891,0x6b1a8f210ec6b7b6643cea3583fb0c079f367898,Baanx,BXX
892,0x0947b0e6d821378805c9598291385ce7c791a6b2,Lendingblock,LND
893,0x103c3A209da59d3E7C4A89307e66521e081CFDF0,Genesis Vision,GVT
894,0xCdeee767beD58c5325f68500115d4B722b3724EE,Carbon,CRBN
895,0xea097a2b1db00627b2fa17460ad260c016016977,Upfiring,UFR
896,0xe477292f1b3268687a29376116b0ed27a9c76170,Herocoin,PLAY
897,0xb14ebf566511b9e6002bb286016ab2497b9b9c9d,Hypersign Identity Token,HID
898,0x1f8a626883d7724dbd59ef51cbd4bf1cf2016d13,Jigstack,STAK
899,0x8c6Fa66c21aE3fC435790E451946a9Ea82E6e523,MetaFabric,FABRIC
900,0xD23367155B55d67492DFDC0FC7f8bB1dF7114fD9,Amplifi,AMPLIFI
901,0x01597e397605bf280674bf292623460b4204c375,Bent Token,BENT
902,0xad32A8e6220741182940c5aBF610bDE99E737b2D,PieDAO DOUGH v2,DOUGH
903,0xd0d6d6c5fe4a677d343cc433536bb717bae167dd,AdToken,ADT
904,0xd6929179d752d5d25c5efe2d9729eb77d7138a80,Goons of Balatroon,GOB
905,0x7d4b8cce0591c9044a22ee543533b72e976e36c3,ChangeBank,CAG
906,0x9af839687f6c94542ac5ece2e317daae355493a1,Hydro Protocol,HOT
907,0x999967e2ec8a74b7c8e9db19e039d920b31d39d0,TieToken,TIE
908,0x80ce3027a70e0a928d9268994e9b85d03bd4cdcf,Polkalokr,LKR
909,0xb9e7f8568e08d5659f5d29c4997173d84cdf2607,SwarmCity,SWT
910,0x5218E472cFCFE0b64A064F055B43b4cdC9EfD3A6,UnFederalReserveToken,eRSDL
911,0x9040e237c3bf18347bb00957dc22167d0f2b999d,Standard,STND
912,0xADA86b1b313D1D5267E3FC0bB303f0A2b66D0Ea7,Covesting,COV
913,0x8716fc5da009d3a208f0178b637a50f4ef42400f,UltrainGas,UGAS
914,0x809826cceab68c387726af962713b64cb5cb3cca,NucleusVision,nCash
915,0xaf691508ba57d416f895e32a1616da1024e882d2,Pinknode Token,PNODE
916,0x765f0c16d1ddc279295c1a7c24b0883f62d33f75,DaTa eXchange Token,DTX
917,0xfAE4Ee59CDd86e3Be9e8b90b53AA866327D7c090,CPChain,CPC
918,0xd82df0abd3f51425eb15ef7580fda55727875f14,DAV Token,DAV
919,0x910dfc18d6ea3d6a7124a6f8b5458f281060fa4c,X8XToken,X8X
920,0x00aba6fe5557de1a1d565658cbddddf7c710a1eb,EASY V2,EZ
921,0x9b110Fda4E20DB18Ad7052f8468a455de7449eb6,Calvaria: Duels of Eternity,RIA
922,0xa5ef74068d04ba0809b7379dd76af5ce34ab7c57,LunaChow,LUCHOW
923,0x24E3794605C84E580EEA4972738D633E8a7127c8,Katalyo Token,KTLYO
924,0x6cacdb97e3fc8136805a9e7c342d866ab77d0957,Swapr,SWPR
925,0xdc5864ede28bd4405aa04d93e05a0531797d9d59,Falcon,FNT
926,0x6ec8a24cabdc339a06a172f8223ea557055adaa5,Genaro X,GNX
927,0xb0e1fc65c1a741b4662b813eb787d369b8614af1,Impossible Finance,IF
928,0xfac77a24e52b463ba9857d6b758ba41ae20e31ff,LSD Coin,LSD
929,0x4824a7b64e3966b0133f4f4ffb1b9d6beb75fff7,TokenClub Token,TCT
930,0x55a290f08Bb4CAe8DcF1Ea5635A3FCfd4Da60456,BITTO,BITTO
931,0xf34b1db61aca1a371fe97bad2606c9f534fb9d7d,Arbismart Token,RBIS
932,0x0f7F961648aE6Db43C75663aC7E5414Eb79b5704,XIO Network,XIO
933,0x5d48f293baed247a2d0189058ba37aa238bd4725,NeuroChain Clausius,NCC
934,0x7dee45dff03ec7137979586ca20a2f4917bac9fa,DeFiWizard Token,DWZ
935,0x4674a4f24c5f63d53f22490fb3a08eaaad739ff8,Brokoli Token,BRKL
936,0x2c4e8f2d746113d0696ce89b35f0d8bf88e0aeca,Simple Token,ST
937,0x3Dd98C8A089dBCFF7e8FC8d4f532BD493501Ab7F,TownCoin,TOWN
938,0x24da31e7bb182cb2cabfef1d88db19c2ae1f5572,SHIKOKU INU,SHIK
939,0x4CF488387F035FF08c371515562CBa712f9015d4,WePower,WPR
940,0x317eb4ad9cfac6232f0046831322e895507bcbeb,Tidex Token,TDX
941,0x7995ab36bb307afa6a683c24a25d90dc1ea83566,HitchainCoin,HIT
942,0x50bC2Ecc0bfDf5666640048038C1ABA7B7525683,cVToken,cV
943,0x40395044Ac3c0C57051906dA938B54BD6557F212,MobileGo,MGO
944,0x188fb5f5ae5bbe4154d5778f2bbb2fb985c94d25,OpenBlox Token,OBX
945,0x4730fb1463a6f1f44aeb45f6c5c422427f37f4d0,The 4th Pillar Token,FOUR
946,0xd49ff13661451313ca1553fd6954bd1d9b6e02b9,ElectrifyAsia,ELEC
947,0x36905fc93280f52362a1cbab151f25dc46742fb5,BTOCoin,BTO
948,0x41dbecc1cdc5517c6f76f6a6e836adbee2754de3,MedToken,MTN
949,0xc36b4311B21Fc0c2eAd46f1eA6ce97c9C4D98D3d,Creaticles,CRE8
950,0x8b3870df408ff4d7c3a26df852d41034eda11d81,IOI Token,IOI
951,0x5552e5a89a70cb2ef5adbbc45a6be442fe7160ec,Kawakami,KAWA
952,0xea3983fc6d0fbbc41fb6f6091f68f3e08894dc06,Unido,UDO
953,0x3832d2F059E55934220881F831bE501D180671A7,renDOGE,renDOGE
954,0xfe76be9cec465ed3219a9972c21655d57d21aec6,PalletOneToken,PTN
955,0x1a7a8bd9106f2b8d977e08582dc7d24c723ab0db,AppCoins,APPC
956,0xa823e6722006afe99e91c30ff5295052fe6b8e32,Neumark,NEU
957,0x44f262622248027f8e2a8fb1090c4cf85072392c,INVERSE,XIV
958,0xea38eaa3c86c8f9b751533ba2e562deb9acded40,Fuel Token,FUEL
959,0x62dc4817588d53a056cbbd18231d91ffccd34b2a,DeHive.finance,DHV
960,0x006bea43baa3f7a6f765f14f10a1a1b08334ef45,Stox,STX
961,0x66186008C1050627F979d464eABb258860563dbE,MediShares,MDS
962,0x888888888889c00c67689029d7856aac1065ec11,Opium Governance Token,OPIUM
963,0x63f584fa56e60e4d0fe8802b27c7e6e3b33e007f,ContentBox Token,BOX
964,0xc813EA5e3b48BEbeedb796ab42A30C5599b01740,Autonio,NIOX
965,0x5adc961d6ac3f7062d2ea45fefb8d8167d44b190,Dether,DTH
966,0x89020f0D5C5AF4f3407Eb5Fe185416c457B0e93e,Eden Coin,EDN
967,0xe8ff5c9c75deb346acac493c463c8950be03dfba,Vibe Coin,VIBE
968,0xbc647aad10114b89564c0a7aabe542bd0cf2c5af,IONChain Token,IONC
969,0x3ebb4a4e91ad83be51f8d596533818b246f4bee1,Signata,SATA
970,0xb5dbc6d3cf380079df3b27135664b6bcf45d1869,Omix,OMX
971,0xfe5f141bf94fe84bc28ded0ab966c16b17490657,LibraToken,LBA
972,0xa150Db9b1Fa65b44799d4dD949D922c0a33Ee606,Digital Reserve Currency,DRC
973,0x0A913beaD80F321E7Ac35285Ee10d9d922659cB7,DOS Network Token,DOS
974,0x048fe49be32adfc9ed68c37d32b5ec9df17b3603,Skrumble Network V2,SKM
975,0x9af4f26941677c706cfecf6d3379ff01bb85d5ab,DomRaiderToken,DRT
976,0x1e797Ce986C3CFF4472F7D38d5C4aba55DfEFE40,BCDN,BCDN
977,0x33e07f5055173cf8febede8b21b12d1e2b523205,Etherland,ELAND
978,0xf14922001a2fb8541a433905437ae954419c2439,Inmediate,DIT
979,0x3136ef851592acf49ca4c825131e364170fa32b3,CoinFi,COFI
980,0x7A41e0517a5ecA4FdbC7FbebA4D4c47B9fF6DC63,ZeusShieldCoin,ZSC
981,0xC0Eb85285d83217CD7c891702bcbC0FC401E2D9D,Hiveterminal Token,HVN
982,0x14c926f2290044b647e1bf2072e67b495eff1905,Bethereum,BETHER
983,0x28c8d01ff633ea9cd8fc6a451d7457889e698de6,Ethereum Gold,ETG
984,0x00a35fd824c717879bf370e70ac6868b95870dfb,IronBank,IB
985,0xd7f0cc50ad69408ae58be033f4f85d2367c2e468,Vera,VERA
986,0x4a8f5f96d5436e43112c2fbc6a9f70da9e4e16d4,Internxt,INXT
987,0x1c4481750daa5ff521a2a7490d9981ed46465dbd,BLOCKMASON CREDIT PROTOCOL TOKEN,BCPT
988,0x69beab403438253f13b6e92db91f7fb849258263,NeuroToken,NTK
989,0x6dd4e4aad29a40edd6a409b9c1625186c9855b4d,GENE TOKEN (PARKGENE),GENE
990,0x151202c9c18e495656f372281f493eb7698961d5,DEBITUM,DEB
991,0x6bba316c48b49bd1eac44573c5c871ff02958469,Gas DAO,GAS
992,0xa86a0da9d05d0771955df05b44ca120661af16de,OTCBTC Token,OTB
993,0x2bba3cf6de6058cc1b4457ce00deb359e2703d7f,HashCoin,HSC
994,0x24c19f7101c1731b85f1127eaa0407732e36ecdd,Sharedstake.finance,SGT
995,0x6c2adc2073994fb2ccc5032cc2906fa221e9b391,Delphy Token,DPY
996,0x6704b673c70de9bf74c8fba4b4bd748f0e2190e1,UBEX Token,UBEX
997,0x035df12e0f3ac6671126525f1015e47d79dfeddf,0xMonero,0xMR
998,0xd341d1680eeee3255b8c4c75bcce7eb57f144dae,onG,ONG
999,0x8a40c222996f9f3431f63bf80244c36822060f12,Finxflo,FXF
1000,0x84119cb33e8f590d75c2d6ea4e6b0741a7494eda,WTT,WTT
1001,0x36c833Eed0D376f75D1ff9dFDeE260191336065e,Gitcoin Staked ETH Index (gtcETH),gtcETH
1002,0x943ed852dadb5c3938ecdc6883718df8142de4c8,FTI,FTI
1003,0xfeea0bdd3d07eb6fe305938878c0cadbfa169042,8PAY Network,8PAY
1004,0xe0955f26515d22e347b17669993fcefcc73c3a0a,Stacker Ventures Token,STACK
1005,0xdc349913d53b446485e98b76800b6254f43df695,Bezoge Earth,BEZOGE
1006,0xa350da05405cc204e551c4eed19c3039646528d5,Blocksport Token,BSPT
1007,0x2c2f7e7c5604d162d75641256b80f1bf6f4dc796,PolkaRareToken,PRARE
1008,0x43567eb78638A55bbE51E9f9FB5B2D7AD1F125aa,HAC Token,HAC
1009,0x9f195617fa8fbad9540c5d113a99a0a0172aaedc,Niobium,NBC
1010,0xf278c1ca969095ffddded020290cf8b5c424ace2,RUFF,RUFF
1011,0x4ee438be38f8682abb089f2bfea48851c5e71eaf,Cryptonovae,YAE
1012,0xd559f20296ff4895da39b5bd9add54b442596a61,FintruX Network,FTX
1013,0xfd107b473ab90e8fbd89872144a3dc92c40fa8c9,LALA,LALA
1014,0x84f7c44b6fed1080f647e354d552595be2cc602f,Bigbom,BBO
1015,0x1014613e2b3cbc4d575054d4982e580d9b99d7b1,BitCapitalVendorToken,BCV
1016,0x3449fc1cd036255ba1eb19d65ff4ba2b8903a69a,BAC,BAC
1017,0x2ccbff3a042c68716ed2a2cb0c544a9f1d1935e1,DMarket,DMT
1018,0xa9d2927d3a04309e008b6af6e2e282ae2952e7fd,Zipper,ZIP
1019,0x2602278ee1882889b946eb11dc0e810075650983,Vader,VADER
1020,0xeda8b016efa8b1161208cf041cd86972eee0f31e,I HOUSE TOKEN,IHT
1021,0x1961b3331969ed52770751fc718ef530838b6dee,BitDegree,BDG
1022,0x727f064a78dc734d33eec18d5370aef32ffd46e4,Orion Money Token,ORION
1023,0xcbd55D4fFc43467142761A764763652b48b969ff,AstroTools.io,ASTRO
1024,0x667088b212ce3d06a1b553a7221E1fD19000d9aF,WINGS,WINGS
1025,0x4d8fc1453a0f359e99c9675954e656d80d996fbf,Bee,BEE
1026,0x77dce26c03a9b833fc2d7c31c22da4f42e9d9582,DAOventuresDeFi,DVD
1027,0xb012be90957d70d9a070918027655f998c123a88,Hermes,HMX
1028,0x81c9151de0c8bafcd325a57e3db5a5df1cebf79c,Datum,DAT
1029,0x12D102F06da35cC0111EB58017fd2Cd28537d0e1,Vox.Finance,VOX
1030,0x5136c98a80811c3f46bdda8b5c4555cfd9f812f0,indaHash Coin,IDH
1031,0xac3211a5025414af2866ff09c23fc18bc97e79b1,DOVU,DOV
1032,0x5c64031c62061865e5fd0f53d3cdaef80f72e99d,HASHGARD,GARD
1033,0x5e7f20e72c21f6d0bf0a2814fd4164176401cf8e,Demeter,DEO
1034,0x24a6a37576377f63f194caa5f518a60f45b42921,Float Bank,BANK
1035,0x8d75959f1e61ec2571aa72798237101f084de63a,Substratum,SUB
1036,0x0b5326da634f9270fb84481dd6f94d3dc2ca7096,Wrapped ETHO,ETHO
1037,0x32d74896f05204d1b6ae7b0a3cebd7fc0cd8f9c7,Kcash,KCASH
1038,0x095648BC80a7d1Dd16B85E9B84F07463a20f3536,BabyPunks,BPUNKS
1039,0x049399a6b048d52971f7d122ae21a1532722285f,Fire Lotto,FLOT
1040,0xfa05A73FfE78ef8f1a739473e462c54bae6567D9,Lunyr,LUN
1041,0x33d63ba1e57e54779f7ddaeaa7109349344cf5f1,DATA Economy Index,DATA
1042,0x8713d26637cf49e1b6b4a7ce57106aabc9325343,CNN Token,CNN
1043,0xc1f976b91217e240885536af8b63bc8b5269a9be,Public Index Network,PIN
1044,0x0000000000004946c0e9F43F4Dee607b0eF1fA1c,Chi Gastoken by 1inch,CHI
1045,0x5d4abc77b8405ad177d8ac6682d584ecbfd46cec,Primas Token,PST
1046,0x469eDA64aEd3A3Ad6f868c44564291aA415cB1d9,FLUX,FLUX
1047,0xf8e386eda857484f5a12e4b5daa9984e06e73705,Indorse,IND
1048,0xbf52f2ab39e26e0951d2a02b49b7702abe30406a,ODEM Token,ODEM
1049,0x5f018e73C185aB23647c82bD039e762813877f0e,Shack Token,SHACK
1050,0x8b40761142b9aa6dc8964e61d0585995425c3d94,Tripio,TRIO
1051,0x1460a58096d80a50a2f1f956dda497611fa4f165,Own,CHX
1052,0xf7413489c474ca4399eee604716c72879eea3615,APYSwap,APYS
1053,0x661ab0ed68000491d98c796146bcf28c20d7c559,Shadows Network,DOWS
1054,0x36F3FD68E7325a35EB768F1AedaAe9EA0689d723,Empty Set Dollar,ESD
1055,0xbd100d061e120b2c67a24453cf6368e63f1be056,iDeFiYieldProtocol,iDYP
1056,0x34364BEe11607b1963d66BCA665FDE93fCA666a8,YOU Chain,YOU
1057,0x286BDA1413a2Df81731D4930ce2F862a35A609fE,WaBi,WaBi
1058,0xb2a63a5dd36c91ec2da59b188ff047f66fac122a,Follow,FOLO
1059,0x06e0feb0d74106c7ada8497754074d222ec6bcdf,BitBall,BTB
1060,0x419b8ed155180a8c9c64145e76dad49c0a4efb97,AltEstate token,ALT
1061,0xdD0020B1D5Ba47A54E2EB16800D73Beb6546f91A,aXpire,AXPR
1062,0x96184d9C811Ea0624fC30C80233B1d749B9E485B,Dapp Token,DAPPT
1063,0x0bc61dded5f6710c637cf8288eb6058766ce1921,CEN,CEN
1064,0x8810c63470d38639954c6b41aac545848c46484a,Aditus,ADI
1065,0xa13f0743951b4f6e3e3aa039f682e17279f52bc3,Sentinel Chain,SENC
1066,0x9b68bfae21df5a510931a262cecf63f41338f264,Decent.Bet,DBET
1067,0x8185bc4757572da2a610f887561c32298f1a5748,Aluna,ALN
1068,0x4689a4e169eb39cc9078c0940e21ff1aa8a39b9c,Proton Token,PTT
1069,0x03806ce5ef69bd9780edfb04c29da1f23db96294,TESLA,TSL
1070,0x04B5E13000C6e9A3255Dc057091F3e3Eeee7b0f0,UNIFUND,iFUND
1071,0x83984d6142934bb535793a82adb0a46ef0f66b6d,REMME,REM
1072,0x797de1dc0b9faf5e25c1f7efe8df9599138fa09d,Genesis Pool,GPOOL
1073,0x28a06c02287e657ec3f8e151a13c36a1d43814b0,BondAppetit Governance,BAG
1074,0x23352036e911a22cfc692b5e2e196692658aded9,Friendz Coin,FDZ
1075,0xba2184520a1cc49a6159c57e61e1844e085615b6,HelloGold,HGT
1076,0x697ef32b4a3f5a4c39de1cb7563f24ca7bfc5947,Insula,ISLA
1077,0x94d863173ee77439e4292284ff13fad54b3ba182,Akropolis Delphi,ADEL
1078,0x8db54ca569d3019a2ba126d03c37c44b5ef81ef6,DataWallet,DXT
1079,0x55fb228730ed971269ebf284c7500d5ff572a141,PepeCola,PEPECOLA
1080,0x63e634330a20150dbb61b15648bc73855d6ccf07,Lancer Token,LNC
1081,0x2008e3057bd734e10ad13c9eae45ff132abc1722,Zebi Coin,ZCO
1082,0x4b4d2e899658fb59b1d518b68fe836b100ee8958,MIS,MIS
1083,0x122A86b5DFF2D085AfB49600b4cd7375D0d94A5f,ITL (Italian Lira),ITL
1084,0x47bc01597798dcd7506dcca36ac4302fc93a8cfb,Crowd Machine Compute Token,CMCT
1085,0x7777777777697cfeecf846a76326da79cc606517,xSigma,SIG
1086,0xff75ced57419bcaebe5f05254983b013b0646ef5,Cook Token,COOK
1087,0x327673ae6b33bd3d90f0096870059994f30dc8af,Lympo Market Token,LMT
1088,0x6d46c52805a4f94ef31082634ba75118df9f92e0,HedgePay,HPAY
1089,0xf3db5fa2c66b7af3eb0c0b782510816cbe4813b8,Everex,EVX
1090,0x923108a439c4e8c2315c4f6521e5ce95b44e9b4c,Devery.io,EVE
1091,0x740623d2c797b7D8D1EcB98e9b4Afcf99Ec31E14,DoYourTip,DYT
1092,0x5c3a228510d246b78a3765c20221cbf3082b44a4,Storiqa,STQ
1093,0xea1f346faf023f974eb5adaf088bbcdf02d761f4,Blocktix,TIX
1094,0x1ccaa0f2a7210d76e1fdec740d5f323e2e1b1672,Faceter,FACE
1095,0x83cee9e086a77e492ee0bb93c2b0437ad6fdeccc,Goldmint MNT Prelaunch Token,MNTP
1096,0xC4F521d163d593A759F526DaBf012Cc7581D808F,Digital Files,DIFI
1097,0xd2d6158683aee4cc838067727209a0aaf4359de3,Bounty0x,BNTY
1098,0x282d0ad1fa03dfbdb88243b958e77349c73737d1,Protector Roge,PROGE
1099,0x672a1ad4f667fb18a333af13667aa0af1f5b5bdd,Verify,CRED
1100,0x6aeb95f06cda84ca345c2de0f3b7f96923a44f4c,Berry,BERRY
1101,0x2d184014b5658c453443aa87c8e9c4d57285620b,JSE Token,JSE
1102,0x66c0dded8433c9ea86c8cf91237b14e10b4d70b7,MarsToken,Mars
1103,0x28dee01d53fed0edf5f6e310bf8ef9311513ae40,BlitzPredict,XBP
1104,0x6D0F5149c502faf215C89ab306ec3E50b15e2892,Portion Token,PRT
1105,0xc12d099be31567add4e4e4d0d45691c3f58f5663,Auctus,AUC
1106,0xc7bba5b765581efb2cdd2679db5bea9ee79b201f,Gems,GEM
1107,0x16484d73Ac08d2355F466d448D2b79D2039F6EBB,Knoxstertoken,FKX
1108,0xf41e5fbc2f6aac200dd8619e121ce1f05d150077,CryCash,CRC
1109,0x106538cc16f938776c7c180186975bca23875287,BASv2,BASv2
1110,0xf1F508c7C9f0d1b15a76fbA564eEf2d956220cf7,Pepedex,PPDEX
1111,0x969786c4a8884013d1c9ff18dcca2aedbbbfaa8f,LFG Token [via ChainPort.io],LFG
1112,0x3405a1bd46b85c5c029483fbecf2f3e611026e45,WOWswap,WOW
1113,0xff2b3353c3015e9f1fbf95b9bda23f58aa7ce007,BitScreenerToken,BITX
1114,0xceb286c9604c542d3cc08b41aa6c9675b078a832,Vortex DeFi,VTX
1115,0xbbff862d906e348e9946bfb2132ecb157da3d4b4,Sharder,SS
1116,0xe796d6ca1ceb1b022ece5296226bf784110031cd,Blind Boxes Token,BLES
1117,0x054f76beED60AB6dBEb23502178C52d6C5dEbE40,DeFiner,FIN
1118,0x07e3c70653548b04f0a75970c1f81b4cbbfb606f,Delta,DLT
1119,0x423b5f62b328d0d6d44870f4eee316befa0b2df5,GoToken,GOT
1120,0x7b35ce522cb72e4077baeb96cb923a5529764a00,Impermax,IMX
1121,0x4d8bfe7ea0f46486fd40fc4df60cf39f7568bee8,Incodium,INCO
1122,0xbc46d9961a3932f7d6b64abfdec80c1816c4b835,LiteXToken,LXT
1123,0xa95592dcffa3c080b4b40e459c5f5692f67db7f8,Elycoin,ELY
1124,0xa41161af8d4ee421ba5fed4328f2b12034796a21,Artify,AFY
1125,0x06677dc4fe12d3ba3c7ccfd0df8cd45e4d4095bf,Work Quest Token,WQT
1126,0x946112efab61c3636cbd52de2e1392d7a75a6f01,HYDRO TOKEN,HYDRO
1127,0xfc2c4d8f95002c14ed0a7aa65102cac9e5953b5e,Rublix,RBLX
1128,0xb37a769b37224449d92aac57de379e1267cd3b00,Covalent Token,COVA
1129,0x7f3edcdd180dbe4819bd98fee8929b5cedb3adeb,xToken,XTK
1130,0x624d520bab2e4ad83935fa503fb130614374e850,smartshare token,SSP
1131,0x69A95185ee2a045CDC4bCd1b1Df10710395e4e23,$Poolz Finance,POOLZ
1132,0xbebdab6da046bc49ffbb61fbd7b33157eb270d05,Shard,SHARD
1133,0xd3c00772b24d997a812249ca637a921e81357701,WILD Token,WILD
1134,0x48c1b2f3efa85fbafb2ab951bf4ba860a08cdbb7,ShowHand,HAND
1135,0x14da7b27b2e0fedefe0a664118b0c9bc68e2e9af,Blockchain Cuties Universe Governance Token,BCUG
1136,0x4f5fa8f2d12e5eb780f6082dd656c565c48e0f24,GourmetGalaxy,GUM
1137,0x1829aa045e21e0d59580024a951db48096e01782,FuzeX,FXT
1138,0x5b0751713b2527d7f002c0c4e2a37e1219610a6b,Horse,HORSE
1139,0x7f1f2d3dfa99678675ece1c243d3f7bc3746db5d,Tapmydata,TAP
1140,0x5BEfBB272290dD5b8521D4a938f6c4757742c430,Xfinance,XFI
1141,0x3adfc4999f77d04c8341bac5f3a76f58dff5b37a,Privatix,PRIX
1142,0xaec2e87e0a235266d9c5adc9deb4b2e29b54d009,SNGLS,SNGLS
1143,0x1d37986f252d0e349522ea6c3b98cb935495e63e,ChartEx,CHART
1144,0x20a68f9e34076b2dc15ce726d7eebb83b694702d,Defiville Island Token,ISLA
1145,0xd8924385cd46e6af6f377871c732bde2f8e9dd18,PYLNT,PYLNT
1146,0x7703c35cffdc5cda8d27aa3df2f9ba6964544b6e,Pylon,PYLNT
1147,0x93dfaf57d986b9ca77df9376c50878e013d9c7c8,RARE.UNIQUE,RARE
1148,0x6e1A19F235bE7ED8E3369eF73b196C07257494DE,Wrapped Filecoin,WFIL
1149,0x7b68d272eda2185ea2f9283f241b1c44c51e712a,Okschain Token,OKS
1150,0xf7b098298f7c69fc14610bf71d5e02c60792894c,Guppy,Guppy
1151,0x0e0989b1f9b8a38983c2ba8053269ca62ec9b195,Po.et,POE
1152,0x1fe70be734e473e5721ea57c8b5b01e6caa52686,RNTB Token,RNTB
1153,0x47d1a59cbdd19aee060c859c0009277e245328ae,Sonder,SNR
1154,0x4289c043a12392f1027307fb58272d8ebd853912,AiLink Token,ALI
1155,0xaee433adebe0fbb88daa47ef0c1a513caa52ef02,PontoonToken,TOON
1156,0x6a27348483d59150ae76ef4c0f3622a78b0ca698,MetaGraphChain,BKBT
1157,0xe0df31d06d72b2f5231489af0edc422b372f49f1,MarsX,MX
1158,0xa6a840e50bcaa50da017b91a0d86b8b2d41156ee,EchoLink,EKO
1159,0xfb5a551374b656c6e39787b1d3a03feab7f3a98e,ThingsOpreatingSystem,TOS
1160,0xb0280743b44bf7db4b6be482b2ba7b75e5da096c,Transcodium,TNS
1161,0xeb9a4b185816c354db92db09cc3b50be60b901b6,OriginSport Token,ORS
1162,0x3a92bd396aef82af98ebc0aa9030d25a23b11c6b,Tokenbox,TBX
1163,0xe516d78d784c77d479977be58905b3f2b1111126,BitSpawn Token,SPWN
1164,0x0Ebb614204E47c09B6C3FeB9AAeCad8EE060E23E,CPAY,CPAY
1165,0xac9ce326e95f51b5005e9fe1dd8085a01f18450c,VeriSafe,VSF
1166,0x8727c112c712c4a03371ac87a74dd6ab104af768,Jetcoin,JET
1167,0xf05a9382A4C3F29E2784502754293D88b835109C,imbrex,REX
1168,0x622cd54deb2bb7a051515192417109bcf3fe098f,IPC,IPC
1169,0xcae72a7a0fd9046cf6b165ca54c9e3a3872109e0,AnRKey X,$ANRX
1170,0x3543638ed4a9006e4840b105944271bcea15605d,UNetworkToken,UUU
1171,0xc96df921009b790dffca412375251ed1a2b75c60,Ormeus Coin,ORME
1172,0xcdb7ecfd3403eef3882c65b761ef9b5054890a47,Hurify Token,HUR
1173,0xf8e06e4e4a80287fdca5b02dccecaa9d0954840f,TGAME,TGAME
1174,0xD8E3FB3b08eBA982F2754988d70D57eDc0055ae6,Zoracles,ZORA
1175,0x21d5678a62dfe63a47062469ebb2fac2817d8832,YoloCash,YLC
1176,0x0af44e2784637218dd1d32a322d44e603a8f0c6a,Matryx,MTX
1177,0x139d9397274bb9e2c29a9aa8aa0b5874d30d62e3,BoutsPro,BOUTS
1178,0x1dea979ae76f26071870f824088da78979eb91c8,SPINDLE,SPD
1179,0x86772b1409b61c639eaac9ba0acfbb6e238e5f83,Indexed,NDX
1180,0x9b02dd390a603add5c07f9fd9175b7dabe8d63b7,Shopping.io,SPI
1181,0xe1aee98495365fc179699c1bb3e761fa716bee62,BezantToken,BZNT
1182,0xae1eaae3f627aaca434127644371b67b18444051,YOP,YOP
1183,0xee1edd77f16b7867e026a4d32ef45dac852da61f,LunaFi,LFI
1184,0x679badc551626e01b23ceecefbc9b877ea18fc46,Ccore,CCO
1185,0x20f7a3ddf244dc9299975b4da1c39f8d5d75f05a,Sapien Network,SPN
1186,0x83e2be8d114f9661221384b3a50d24b96a5653f5,0xcert Protocol Token,ZXC
1187,0x922105fad8153f516bcfb829f56dc097a0e1d705,Yee - A Blockchain-powered & Cloud-based Socia,YEE
1188,0x87f5e8c3425218837f3cb67db941af0c01323e56,BitCoin ONE,BTCONE
1189,0xa0d440c6da37892dc06ee7930b2eede0634fd681,MasterNet,MASH
1190,0x44449Fa4d607F807d1eD4a69ad942971728391C8,XMED Chain Token,XMCT
1191,0x72430a612adc007c50e3b6946dbb1bb0fd3101d1,Thingschain,TIC
1192,0x5e6b6d9abad9093fdc861ea1600eba1b355cd940,IOT Chain,ITC
1193,0x3abdff32f76b42e7635bdb7e425f0231a5f3ab17,ConnectJob,CJT
1194,0xc56b13ebbcffa67cfb7979b900b736b3fb480d78,Social Activity Token,SAT
1195,0x146d8d942048ad517479c9bab1788712af180fde,Mobile Integrated Blockchain,MIB
1196,0x56e0b2c7694e6e10391e870774daa45cf6583486,DUO Network Token,DUO
1197,0x9b20dabcec77f6289113e61893f7beefaeb1990a,Fair Token,FAIR
1198,0x24dcc881e7dd730546834452f21872d5cb4b5293,Data Transaction Token,XD
1199,0xcbeaec699431857fdb4d37addbbdc20e132d4903,YOYOW,YOYOW
1200,0x336f646f87d9f6bc6ed42dd46e8b3fd9dbd15c22,Crystal Clear Token,CCT
1201,0xDaab5E695bb0E8Ce8384ee56BA38fA8290618e52,Crypto Daily Token,CRDT
1202,0x3e1d5a855ad9d948373ae68e4fe1f094612b1322,HyperQuant Token,HQT
1203,0x170b275ced089fffaebfe927f445a350ed9160dc,OwnData,OWN
1204,0x4355fC160f74328f9b383dF2EC589bB3dFd82Ba0,Opus,OPT
1205,0x737fa0372c8d001904ae6acaf0552d4015f9c947,MEDIBIT,MEDIBIT
1206,0xff603f43946a3a28df5e6a73172555d8c8b02386,OneRoot Network,RNT
1207,0xCa208BfD69ae6D2667f1FCbE681BAe12767c0078,HOMIHELP,HOMI
1208,0x4618519de4c304f3444ffa7f812dddc2971cc688,Kind Ads Token,KIND
1209,0x42b91f1d05afea671a2da3c780eda2abf0a2a366,Mineable,$MNB
1210,0x67a9099f0008c35c61c00042cd9fb03684451097,GAMESTARS TOKEN,GST
1211,0xaaf37055188feee4869de63464937e683d61b2a1,UChain Token,UCN
1212,0xf091cf09c51811819db705710e9634b8bf18f164,Couchain,COU
1213,0x429876c4a6f89fb470e92456b8313879df98b63c,Cryption Network Token,CNT
1214,0xAbC430136A4dE71c9998242de8c1b4B97D2b9045,Veros,VRS
1215,0x7b2df125567815ac9b57da04b620f50bc93b320c,Archetypal Network,ACTP
1216,0x72adadb447784dd7ab1f472467750fc485e4cb2d,Worldcore,WRC
1217,0x6c37bf4f042712c978a73e3fd56d1f5738dd7c43,Elementeum,ELET
1218,0x07d9e49ea402194bf48a8276dafb16e4ed633317,DALECOIN,DALC
1219,0x45245bc59219eeaaf6cd3f382e078a461ff9de7b,BANKEX,BKX
1220,0xabbbb6447b68ffd6141da77c18c7b5876ed6c5ab,DATx,DATx
1221,0xb6f43025b29196af2dddd69b0a58afba079cd600,æ™ºæŠ•é“¾,IIC
1222,0xbd4b60a138b3fce3584ea01f50c0908c18f9677a,FinTab,FNTB
1223,0x83eEA00D838f92dEC4D1475697B9f4D3537b56E3,VOISE,VOISE
1224,0xe120c1ecbfdfea7f0a8f0ee30063491e8c26fedf,Suretly,SUR
1225,0x539F3615C1dBAfa0D008d87504667458acBd16Fa,FERA,FERA
1226,0xab95e915c123fded5bdfb6325e35ef5515f1ea69,XENON,XNN
1227,0x9214ec02cb71cba0ada6896b8da260736a67ab10,Real Estate Asset Ledger,REAL
1228,0x76974c7b79dc8a6a109fd71fd7ceb9e40eff5382,DOW,dow
1229,0x076a93a40bf9e0d21d3f75dd1e0584ddbe0f9d1a,Qurito,QURO
1230,0x5121e348e897daef1eef23959ab290e5557cf274,PolyAi,AI
1231,0x0775c81a273b355e6a5b76e240bf708701f00279,Bulleon,BUL
1232,0xad996a45fd2373ed0b10efa4a8ecb9de445a4302,Shirtum,SHI
1233,0x39013f961c378f02c2b82a6e1d31e9812786fd9d,Speed Mining Service,SMS
1234,0xeb7c20027172e5d143fb030d50f91cece2d1485d,eBitcoin,EBTC
1235,0x72c9fb7ed19d3ce51cea5c56b3e023cd918baadf,Agrolot Token,AGLT
1236,0x4954db6391f4feb5468b6b943d4935353596aec9,USDQ Stablecoin by Q DAO v1.0,USDQ
1237,0xdac4ae188ace3c8985765edc6c9b4739d4845ddc,InterValue,INVE
1238,0x543ff227f64aa17ea132bf9886cab5db55dcaddf,DAOstack,GEN
